frame,track_id,class,conf,x1,y1,x2,y2,cx,cy
0,1,0,0.778,253.9,220.3,281.5,309.1,267.7,264.7
0,2,0,0.761,499.6,156.2,528.7,232.7,514.2,194.5
0,3,0,0.754,642.5,240.3,684.5,321.8,663.5,281.1
1,1,0,0.819,256.4,218.8,298.7,308.8,277.5,263.8
1,2,0,0.811,498.7,158.8,528.3,234.0,513.5,196.4
1,3,0,0.824,636.8,241.8,682.6,323.4,659.7,282.6
2,1,0,0.852,257.4,218.4,304.7,307.5,281.1,263.0
2,2,0,0.814,497.2,159.6,528.2,234.4,512.7,197.0
2,3,0,0.698,633.4,242.0,675.7,323.4,654.5,282.7
3,1,0,0.798,269.6,216.8,307.6,302.0,288.6,259.4
3,2,0,0.78,494.5,161.2,524.4,235.1,509.4,198.1
3,3,0,0.774,620.6,240.1,655.1,322.5,637.9,281.3
4,1,0,0.828,278.2,213.2,314.3,301.7,296.2,257.4
4,2,0,0.747,492.7,161.6,520.6,235.4,506.7,198.5
4,3,0,0.839,600.9,240.4,647.0,322.1,624.0,281.3
5,1,0,0.798,282.6,210.6,320.9,300.4,301.7,255.5
5,2,0,0.788,488.3,161.8,517.5,238.6,502.9,200.2
5,3,0,0.839,592.0,240.4,642.3,324.6,617.1,282.5
6,1,0,0.829,287.0,210.5,327.2,300.8,307.1,255.6
6,2,0,0.797,485.1,163.6,514.7,240.1,499.9,201.9
6,3,0,0.693,588.1,240.0,632.3,325.1,610.2,282.5
7,1,0,0.877,292.2,211.2,332.0,299.5,312.1,255.3
7,2,0,0.758,482.6,163.8,513.0,240.8,497.8,202.3
7,3,0,0.666,583.7,237.7,614.8,324.8,599.3,281.2
8,1,0,0.806,300.2,211.2,334.0,296.4,317.1,253.8
8,2,0,0.758,478.7,164.0,507.7,241.0,493.2,202.5
8,3,0,0.78,574.4,237.1,604.9,325.1,589.7,281.1
9,1,0,0.767,307.2,209.3,337.6,295.0,322.4,252.1
9,2,0,0.788,473.9,165.0,503.8,241.5,488.8,203.2
9,3,0,0.792,558.7,238.3,602.1,326.2,580.4,282.3
10,1,0,0.84,315.4,207.4,351.6,293.0,333.5,250.2
10,2,0,0.802,465.9,167.1,501.6,245.3,483.7,206.2
10,3,0,0.725,548.8,237.7,586.6,326.0,567.7,281.8
11,1,0,0.888,318.7,205.8,358.7,291.8,338.7,248.8
11,2,0,0.735,461.6,167.9,497.8,246.1,479.7,207.0
11,3,0,0.736,540.6,237.2,570.2,325.3,555.4,281.2
12,1,0,0.832,323.3,203.7,360.3,289.6,341.8,246.6
12,2,0,0.752,460.0,168.1,490.0,246.9,475.0,207.5
12,3,0,0.773,526.0,236.0,562.6,324.5,544.3,280.2
13,1,0,0.827,331.6,201.0,366.4,286.6,349.0,243.8
13,2,0,0.695,454.9,169.3,481.9,247.0,468.4,208.2
13,3,0,0.739,510.3,237.2,554.9,324.9,532.6,281.0
13,4,0,0.801,727.0,292.3,767.7,408.9,747.3,350.6
14,1,0,0.85,336.1,198.9,371.5,285.9,353.8,242.4
14,2,0,0.769,446.5,171.8,479.1,248.7,462.8,210.3
14,3,0,0.648,504.7,235.7,538.7,322.1,521.7,278.9
14,4,0,0.857,721.1,290.1,767.3,408.8,744.2,349.4
15,1,0,0.849,340.5,197.8,376.5,285.9,358.5,241.9
15,2,0,0.616,442.3,172.4,475.8,249.6,459.0,211.0
15,3,0,0.718,497.5,235.5,525.7,321.0,511.6,278.2
15,4,0,0.849,717.8,286.3,763.1,398.0,740.5,342.1
16,1,0,0.852,345.0,196.7,379.6,284.4,362.3,240.6
16,2,0,0.699,440.0,173.1,468.6,249.5,454.3,211.3
16,3,0,0.816,482.3,236.5,522.0,320.8,502.2,278.6
16,4,0,0.803,716.6,282.6,759.3,390.6,737.9,336.6
17,1,0,0.833,351.7,195.4,388.2,281.1,369.9,238.3
17,2,0,0.515,432.3,172.5,462.5,231.7,447.4,202.1
17,3,0,0.732,471.2,235.9,513.8,320.6,492.5,278.2
17,4,0,0.703,710.3,280.2,751.0,387.3,730.7,333.8
18,1,0,0.801,355.8,194.7,390.1,277.7,372.9,236.2
18,2,0,0.317,429.8,174.8,460.2,223.2,445.0,199.0
18,3,0,0.689,463.3,234.3,499.4,319.3,481.4,276.8
18,4,0,0.78,703.9,279.6,743.6,386.3,723.8,333.0
18,5,0,0.663,737.6,278.3,767.4,385.4,752.5,331.8
19,1,0,0.797,359.3,192.6,398.3,276.4,378.8,234.5
19,3,0,0.746,457.4,232.3,487.3,319.1,472.4,275.7
19,4,0,0.758,699.7,277.4,740.1,384.8,719.9,331.1
19,5,0,0.699,733.3,276.7,767.5,383.6,750.4,330.1
20,1,0,0.746,363.3,192.1,400.1,275.1,381.7,233.6
20,3,0,0.768,441.4,232.0,479.7,318.2,460.6,275.1
20,4,0,0.856,689.1,272.4,727.9,378.2,708.5,325.3
20,5,0,0.833,728.1,272.2,761.0,373.2,744.6,322.7
21,1,0,0.839,365.7,191.3,401.2,274.1,383.5,232.7
21,3,0,0.759,434.5,229.6,468.7,317.8,451.6,273.7
21,4,0,0.851,679.9,269.6,720.2,375.8,700.0,322.7
21,5,0,0.806,722.3,270.6,755.5,367.3,738.9,318.9
22,1,0,0.875,366.8,190.5,401.5,272.8,384.1,231.6
22,3,0,0.728,428.5,232.2,459.5,314.7,444.0,273.4
22,4,0,0.875,671.6,268.3,714.6,376.1,693.1,322.2
22,5,0,0.78,712.8,269.5,751.1,367.3,731.9,318.4
23,1,0,0.748,370.0,187.1,400.8,271.3,385.4,229.2
23,3,0,0.53,410.4,199.3,452.1,309.9,431.2,254.6
23,4,0,0.807,663.8,265.1,707.1,371.6,685.5,318.3
23,5,0,0.763,705.3,267.5,744.3,366.3,724.8,316.9
24,1,0,0.691,372.1,187.0,400.8,270.8,386.5,228.9
24,3,0,0.521,404.4,190.2,447.1,309.7,425.7,250.0
24,4,0,0.832,659.6,261.5,698.8,365.5,679.2,313.5
24,5,0,0.756,698.4,263.7,734.6,361.3,716.5,312.5
25,1,0,0.626,373.3,183.9,402.1,270.6,387.7,227.2
25,3,0,0.619,400.1,190.9,442.5,306.5,421.3,248.7
25,4,0,0.753,658.9,260.0,692.7,362.7,675.8,311.3
25,5,0,0.798,691.5,260.5,729.5,357.6,710.5,309.1
26,1,0,0.682,373.7,180.7,404.1,270.0,388.9,225.3
26,3,0,0.668,398.5,193.2,441.1,303.8,419.8,248.5
26,4,0,0.75,655.5,258.1,688.4,361.3,672.0,309.7
26,5,0,0.839,687.2,258.3,725.9,356.8,706.6,307.5
27,1,0,0.661,373.9,178.3,407.9,270.0,390.9,224.2
27,3,0,0.491,397.6,194.9,441.1,302.7,419.4,248.8
27,4,0,0.791,646.4,258.2,684.6,358.6,665.5,308.4
27,5,0,0.816,682.5,258.2,721.9,356.8,702.2,307.5
28,1,0,0.711,375.6,178.6,410.1,268.0,392.8,223.3
28,3,0,0.334,397.0,198.3,441.6,302.1,419.3,250.2
28,4,0,0.754,640.6,256.1,680.5,357.7,660.5,306.9
28,5,0,0.835,677.0,254.0,712.7,352.5,694.8,303.3
29,1,0,0.67,376.6,178.7,411.1,266.0,393.9,222.4
29,3,0,0.31,396.3,199.9,442.3,300.1,419.3,250.0
29,4,0,0.885,633.5,253.7,672.7,354.6,653.1,304.2
29,5,0,0.797,673.7,252.2,703.9,347.0,688.8,299.6
30,1,0,0.758,377.4,178.7,410.8,264.8,394.1,221.7
30,3,0,0.286,395.6,201.3,442.5,295.6,419.1,248.4
30,4,0,0.869,626.9,251.3,666.0,352.8,646.4,302.1
30,5,0,0.761,667.9,253.0,698.8,344.8,683.3,298.9
31,1,0,0.713,377.8,178.6,410.6,264.5,394.2,221.5
31,4,0,0.878,618.9,250.4,659.2,352.3,639.1,301.4
31,5,0,0.734,655.7,250.5,693.1,342.8,674.4,296.7
32,1,0,0.664,378.9,178.3,409.7,264.2,394.3,221.3
32,4,0,0.878,612.2,248.4,654.3,350.4,633.2,299.4
32,5,0,0.8,649.8,248.3,688.5,340.7,669.1,294.5
33,1,0,0.628,379.4,178.0,411.7,263.7,395.6,220.9
33,4,0,0.915,609.0,246.0,649.9,346.0,629.4,296.0
33,5,0,0.767,643.7,243.5,678.9,338.8,661.3,291.2
33,3,0,0.549,385.6,182.7,416.0,267.8,400.8,225.3
34,1,0,0.649,379.8,178.7,413.7,263.1,396.8,220.9
34,4,0,0.842,605.0,243.8,644.7,343.6,624.9,293.7
34,5,0,0.82,639.6,242.8,671.8,337.3,655.7,290.0
35,1,0,0.651,378.6,179.1,415.0,262.6,396.8,220.8
35,4,0,0.805,601.8,242.0,639.9,341.5,620.8,291.7
35,5,0,0.846,634.5,243.3,667.8,336.5,651.1,289.9
35,3,0,0.679,376.6,178.6,401.5,260.4,389.1,219.5
36,1,0,0.527,379.6,179.5,414.6,258.7,397.1,219.1
36,4,0,0.737,594.8,241.0,633.1,336.8,613.9,288.9
36,5,0,0.788,627.5,240.9,662.3,335.7,644.9,288.3
36,7,0,0.61,392.9,183.5,415.9,260.5,404.4,222.0
36,3,0,0.574,373.9,178.6,398.0,257.1,386.0,217.8
37,1,0,0.413,379.3,179.7,414.5,257.8,396.9,218.8
37,4,0,0.726,590.4,240.1,627.2,332.9,608.8,286.5
37,5,0,0.808,621.2,239.1,655.2,331.4,638.2,285.2
37,7,0,0.659,393.8,182.5,418.2,261.0,406.0,221.7
37,3,0,0.619,373.4,178.0,398.0,256.0,385.7,217.0
38,1,0,0.346,377.6,179.7,413.1,258.3,395.4,219.0
38,4,0,0.747,585.6,237.2,624.3,331.5,604.9,284.4
38,5,0,0.755,615.6,236.2,646.2,327.7,630.9,281.9
38,7,0,0.589,394.3,183.5,418.5,261.0,406.4,222.2
38,3,0,0.708,372.3,178.2,397.3,256.0,384.8,217.1
39,1,0,0.77,376.1,178.8,405.8,257.1,390.9,218.0
39,4,0,0.849,575.6,234.7,613.0,331.2,594.3,282.9
39,5,0,0.756,606.4,234.4,639.2,326.7,622.8,280.5
39,7,0,0.69,396.8,183.8,419.0,261.2,407.9,222.5
40,1,0,0.76,376.2,178.5,402.4,256.0,389.3,217.3
40,4,0,0.839,567.2,233.9,606.0,330.3,586.6,282.1
40,5,0,0.768,600.8,233.3,634.5,325.9,617.7,279.6
40,7,0,0.624,396.9,184.9,420.9,263.0,408.9,224.0
40,8,0,0.658,436.3,185.5,459.8,270.0,448.1,227.8
41,1,0,0.757,377.6,178.6,401.6,255.6,389.6,217.1
41,4,0,0.853,561.3,232.7,601.2,327.0,581.3,279.8
41,5,0,0.77,596.0,230.5,630.3,324.5,613.1,277.5
41,7,0,0.632,396.9,184.1,419.4,262.1,408.1,223.1
41,8,0,0.717,440.4,187.0,461.4,268.8,450.9,227.9
41,9,0,0.752,731.1,280.8,767.7,391.4,749.4,336.1
42,1,0,0.728,378.5,177.8,402.4,256.4,390.5,217.1
42,4,0,0.832,558.6,230.8,594.9,325.7,576.8,278.2
42,5,0,0.751,590.9,228.0,623.6,320.6,607.3,274.3
42,7,0,0.481,400.4,184.1,419.6,262.3,410.0,223.2
42,8,0,0.727,442.2,186.3,463.7,264.1,452.9,225.2
42,9,0,0.788,732.2,280.2,767.6,393.5,749.9,336.8
43,1,0,0.81,379.4,177.1,404.5,256.2,391.9,216.7
43,4,0,0.784,553.5,226.9,585.4,320.3,569.4,273.6
43,5,0,0.882,584.3,225.5,618.4,316.8,601.4,271.1
43,7,0,0.449,404.6,183.4,421.8,262.2,413.2,222.8
43,8,0,0.778,443.1,184.6,468.7,261.0,455.9,222.8
43,9,0,0.894,722.3,275.6,761.9,390.1,742.1,332.9
44,1,0,0.8,379.4,176.9,405.3,256.5,392.4,216.7
44,4,0,0.745,544.1,225.4,578.7,318.1,561.4,271.8
44,5,0,0.844,579.1,224.0,615.8,316.3,597.5,270.2
44,7,0,0.438,406.3,182.4,424.4,262.5,415.4,222.5
44,8,0,0.818,443.3,183.8,471.7,260.5,457.5,222.1
44,9,0,0.857,713.7,273.0,755.5,388.2,734.6,330.6
45,1,0,0.793,378.7,177.2,406.8,256.8,392.8,217.0
45,4,0,0.744,536.2,224.7,576.7,317.2,556.4,271.0
45,5,0,0.811,575.2,222.9,612.3,315.7,593.7,269.3
45,7,0,0.364,407.3,181.4,426.2,262.7,416.8,222.0
45,8,0,0.814,443.2,181.5,474.1,257.5,458.7,219.5
45,9,0,0.858,706.0,271.8,749.9,387.0,727.9,329.4
46,1,0,0.786,377.7,178.1,406.3,256.8,392.0,217.5
46,4,0,0.737,532.8,224.7,572.7,315.7,552.7,270.2
46,5,0,0.835,572.3,222.2,606.7,309.4,589.5,265.8
46,7,0,0.419,407.5,181.1,425.2,262.8,416.4,221.9
46,8,0,0.764,443.2,179.8,475.0,254.1,459.1,217.0
46,9,0,0.872,699.8,269.5,744.1,385.3,721.9,327.4
47,1,0,0.804,376.4,178.2,402.7,257.2,389.6,217.7
47,4,0,0.855,523.7,221.0,561.1,313.3,542.4,267.2
47,5,0,0.759,569.0,219.0,599.2,306.1,584.1,262.5
47,7,0,0.356,408.3,183.3,422.7,262.2,415.5,222.7
47,8,0,0.761,443.5,179.8,472.8,251.3,458.2,215.5
47,9,0,0.805,696.6,264.7,732.6,377.6,714.6,321.2
48,1,0,0.815,374.8,178.8,400.6,257.3,387.7,218.0
48,4,0,0.857,514.4,218.9,554.0,311.8,534.2,265.4
48,5,0,0.787,562.8,217.3,595.9,304.3,579.4,260.8
48,7,0,0.368,409.0,183.6,423.2,262.2,416.1,222.9
48,8,0,0.712,442.4,178.9,471.5,250.8,457.0,214.8
48,9,0,0.785,691.7,260.9,724.3,374.2,708.0,317.5
49,1,0,0.809,373.5,178.7,399.9,257.4,386.7,218.1
49,4,0,0.845,508.2,217.9,548.9,311.5,528.6,264.7
49,5,0,0.798,557.0,216.9,593.3,304.0,575.1,260.5
49,7,0,0.37,409.5,185.5,425.8,262.5,417.7,224.0
49,8,0,0.682,439.8,177.0,468.3,247.7,454.0,212.3
49,9,0,0.819,682.0,259.8,719.0,371.7,700.5,315.7
50,1,0,0.801,372.4,178.7,399.4,257.7,385.9,218.2
50,4,0,0.871,503.1,216.5,541.6,307.3,522.3,261.9
50,5,0,0.801,551.9,215.0,589.0,302.2,570.4,258.6
50,8,0,0.607,435.5,174.5,463.4,246.0,449.5,210.3
50,9,0,0.8,670.5,256.8,714.3,368.6,692.4,312.7
51,1,0,0.812,372.0,179.2,398.8,257.7,385.4,218.5
51,4,0,0.819,501.4,214.1,536.7,305.2,519.0,259.6
51,5,0,0.809,547.7,212.8,580.0,299.4,563.9,256.1
51,8,0,0.278,433.7,174.3,460.2,245.8,446.9,210.1
51,9,0,0.785,665.8,255.4,709.5,366.8,687.7,311.1
52,1,0,0.818,372.2,179.2,399.7,257.8,385.9,218.5
52,4,0,0.769,500.2,212.8,532.6,303.3,516.4,258.0
52,5,0,0.815,543.5,212.4,572.7,298.7,558.1,255.6
52,9,0,0.91,660.4,254.1,702.2,363.8,681.3,308.9
53,1,0,0.82,372.3,179.2,399.6,258.2,385.9,218.7
53,4,0,0.775,496.9,212.1,529.1,303.3,513.0,257.7
53,5,0,0.834,538.3,212.1,569.0,298.8,553.6,255.4
53,9,0,0.887,652.6,251.4,695.1,361.0,673.9,306.2
54,1,0,0.822,373.3,179.4,399.0,258.0,386.2,218.7
54,4,0,0.77,490.9,211.5,524.7,302.2,507.8,256.8
54,5,0,0.809,532.3,210.6,564.8,296.2,548.6,253.4
54,9,0,0.839,644.1,249.3,686.2,359.6,665.1,304.5
55,1,0,0.787,373.9,179.6,399.4,258.1,386.7,218.8
55,4,0,0.816,484.7,209.7,521.6,299.5,503.2,254.6
55,5,0,0.753,529.0,209.9,559.6,293.5,544.3,251.7
55,9,0,0.836,638.3,247.9,679.7,358.4,659.0,303.2
56,1,0,0.791,375.0,179.4,399.9,258.0,387.4,218.7
56,4,0,0.851,478.9,208.4,517.1,297.8,498.0,253.1
56,5,0,0.805,526.1,208.1,554.6,291.5,540.3,249.8
56,9,0,0.845,636.6,245.0,673.2,355.2,654.9,300.1
57,1,0,0.694,376.5,175.5,403.7,258.5,390.1,217.0
57,4,0,0.861,471.5,206.8,511.7,297.7,491.6,252.2
57,5,0,0.712,517.3,207.1,549.5,289.2,533.4,248.2
57,9,0,0.807,632.2,240.5,664.8,350.3,648.5,295.4
58,1,0,0.763,377.2,174.7,403.6,258.4,390.4,216.5
58,4,0,0.895,467.3,206.0,507.7,296.6,487.5,251.3
58,5,0,0.699,513.5,206.2,546.1,288.9,529.8,247.5
58,9,0,0.789,622.7,239.1,659.4,346.7,641.0,292.9
59,1,0,0.625,376.6,175.8,401.8,259.0,389.2,217.4
59,4,0,0.916,465.0,205.5,505.2,296.2,485.1,250.8
59,5,0,0.788,510.9,205.1,543.4,288.1,527.2,246.6
59,9,0,0.826,619.7,238.7,655.3,345.5,637.5,292.1
60,1,0,0.405,378.7,180.1,401.5,259.3,390.1,219.7
60,4,0,0.866,463.7,203.4,501.3,292.9,482.5,248.2
60,5,0,0.803,505.4,202.9,534.5,285.4,520.0,244.1
60,9,0,0.85,614.0,233.6,650.7,340.2,632.3,286.9
61,1,0,0.592,378.3,181.7,400.4,259.5,389.4,220.6
61,4,0,0.821,463.7,201.0,499.1,287.0,481.4,244.0
61,5,0,0.842,500.5,200.5,528.9,284.4,514.7,242.5
61,9,0,0.923,610.5,230.6,647.7,336.2,629.1,283.4
62,1,0,0.631,375.6,181.0,400.6,260.1,388.1,220.5
62,4,0,0.828,463.7,200.5,496.0,285.8,479.9,243.2
62,5,0,0.871,496.3,199.6,525.9,283.5,511.1,241.5
62,9,0,0.918,607.0,228.6,645.4,334.6,626.2,281.6
62,10,0,0.567,346.4,168.5,377.9,237.7,362.2,203.1
63,1,0,0.732,373.7,180.6,401.2,260.7,387.4,220.7
63,4,0,0.817,463.3,200.2,493.8,284.9,478.6,242.6
63,5,0,0.862,493.4,199.2,523.8,283.1,508.6,241.2
63,9,0,0.878,604.9,226.6,642.7,332.6,623.8,279.6
63,10,0,0.716,344.1,170.0,373.5,237.8,358.8,203.9
64,1,0,0.75,371.7,180.7,400.7,260.3,386.2,220.5
64,4,0,0.806,458.7,198.4,489.4,282.6,474.0,240.5
64,5,0,0.813,492.5,197.8,519.8,280.2,506.1,239.0
64,9,0,0.85,602.3,224.6,637.7,330.0,620.0,277.3
64,10,0,0.744,336.7,167.3,360.8,237.2,348.7,202.3
65,1,0,0.718,371.0,181.0,400.6,260.0,385.8,220.5
65,4,0,0.788,455.2,197.6,486.7,280.2,470.9,238.9
65,5,0,0.736,491.5,196.7,517.1,275.5,504.3,236.1
65,9,0,0.869,599.9,222.2,633.9,326.8,616.9,274.5
65,10,0,0.688,330.1,167.8,352.7,237.6,341.4,202.7
66,1,0,0.749,369.3,180.3,400.2,258.9,384.8,219.6
66,4,0,0.768,452.0,196.7,483.8,279.4,467.9,238.0
66,5,0,0.712,490.1,196.6,515.6,274.4,502.9,235.5
66,9,0,0.837,598.3,218.9,631.4,322.1,614.9,270.5
66,10,0,0.771,321.1,168.3,351.5,237.5,336.3,202.9
67,1,0,0.757,370.3,179.9,400.5,259.3,385.4,219.6
67,4,0,0.819,447.5,194.2,481.2,278.9,464.4,236.5
67,5,0,0.772,487.0,195.7,514.2,273.9,500.6,234.8
67,9,0,0.821,596.3,217.0,629.5,318.2,612.9,267.6
67,10,0,0.704,317.0,170.0,347.4,236.8,332.2,203.4
68,1,0,0.762,370.8,179.4,400.5,259.4,385.6,219.4
68,4,0,0.888,445.0,191.8,478.8,278.2,461.9,235.0
68,5,0,0.802,483.4,194.4,510.8,272.4,497.1,233.4
68,9,0,0.781,592.4,214.8,625.7,314.7,609.1,264.8
68,10,0,0.638,308.9,169.1,333.4,235.1,321.1,202.1
69,1,0,0.787,370.1,179.4,399.8,258.9,384.9,219.2
69,4,0,0.872,443.8,190.1,476.6,277.1,460.2,233.6
69,5,0,0.719,481.0,193.7,508.3,270.6,494.6,232.2
69,9,0,0.814,588.8,211.2,623.0,313.0,605.9,262.1
69,10,0,0.69,298.3,168.9,327.5,235.5,312.9,202.2
70,1,0,0.819,369.5,179.7,399.8,258.6,384.6,219.2
70,4,0,0.861,442.5,187.3,475.9,276.8,459.2,232.1
70,5,0,0.72,477.9,191.6,506.4,270.2,492.2,230.9
70,9,0,0.851,586.0,209.2,621.0,308.9,603.5,259.1
70,10,0,0.782,291.1,169.9,324.9,235.8,308.0,202.9
71,1,0,0.837,369.5,179.9,399.9,258.5,384.7,219.2
71,4,0,0.844,441.8,185.7,475.1,273.6,458.4,229.7
71,5,0,0.694,475.7,188.0,504.7,269.2,490.2,228.6
71,9,0,0.866,583.0,206.9,619.3,306.7,601.1,256.8
71,10,0,0.729,287.7,170.1,321.5,236.1,304.6,203.1
72,1,0,0.815,369.6,179.4,399.8,259.1,384.7,219.3
72,4,0,0.841,441.7,185.4,472.5,270.0,457.1,227.7
72,5,0,0.718,475.4,186.3,504.4,268.5,489.9,227.4
72,9,0,0.854,580.0,204.2,616.1,304.2,598.1,254.2
72,10,0,0.734,282.0,170.4,307.5,235.6,294.7,203.0
73,1,0,0.818,371.5,179.3,399.2,259.0,385.4,219.2
73,4,0,0.836,441.5,186.1,470.7,269.3,456.1,227.7
73,5,0,0.711,475.5,186.6,503.9,267.1,489.7,226.9
73,9,0,0.845,578.6,201.7,613.1,302.1,595.9,251.9
73,10,0,0.717,272.5,168.9,302.1,236.3,287.3,202.6
74,1,0,0.759,371.8,179.3,399.4,258.8,385.6,219.1
74,4,0,0.756,441.3,183.6,469.6,266.1,455.5,224.9
74,5,0,0.716,476.0,184.5,504.0,264.5,490.0,224.5
74,9,0,0.86,577.9,200.4,610.7,299.6,594.3,250.0
74,10,0,0.728,268.0,169.9,299.0,236.8,283.5,203.3
75,1,0,0.773,371.1,179.2,399.8,258.9,385.5,219.0
75,4,0,0.809,439.4,180.3,468.2,262.9,453.8,221.6
75,5,0,0.734,476.6,182.3,504.8,259.5,490.7,220.9
75,9,0,0.843,575.4,198.4,607.7,295.6,591.5,247.0
75,10,0,0.791,262.7,170.3,291.7,237.4,277.2,203.9
76,1,0,0.784,370.4,179.5,399.4,258.9,384.9,219.2
76,4,0,0.805,438.3,179.0,467.8,261.3,453.1,220.2
76,5,0,0.729,476.7,181.4,505.2,258.3,490.9,219.8
76,9,0,0.829,574.5,197.6,605.6,293.4,590.0,245.5
76,10,0,0.781,259.7,171.0,287.9,239.7,273.8,205.4
77,1,0,0.797,370.1,179.8,399.3,258.9,384.7,219.3
77,4,0,0.781,438.3,178.7,467.9,259.9,453.1,219.3
77,5,0,0.728,476.2,181.5,504.8,258.1,490.5,219.8
77,9,0,0.822,573.1,196.6,603.8,292.2,588.5,244.4
77,10,0,0.758,258.3,171.7,286.0,241.6,272.1,206.7
78,1,0,0.818,371.1,179.8,399.6,259.1,385.3,219.5
78,4,0,0.834,440.4,178.4,470.0,257.8,455.2,218.1
78,5,0,0.788,475.9,178.9,502.9,257.2,489.4,218.0
78,9,0,0.85,570.0,192.4,603.0,286.4,586.5,239.4
78,10,0,0.764,256.6,172.2,283.9,242.3,270.3,207.3
79,1,0,0.783,372.4,180.1,399.2,259.0,385.8,219.6
79,4,0,0.832,441.6,177.6,471.2,255.5,456.4,216.6
79,5,0,0.812,475.2,177.0,502.0,254.1,488.6,215.6
79,9,0,0.85,568.2,190.1,602.1,283.4,585.2,236.7
79,10,0,0.801,256.4,172.3,283.6,242.7,270.0,207.5
80,1,0,0.766,372.6,180.1,399.2,259.4,385.9,219.7
80,4,0,0.802,442.3,174.8,473.0,253.7,457.6,214.2
80,5,0,0.834,474.5,175.3,501.1,251.0,487.8,213.1
80,9,0,0.851,567.0,188.7,601.1,283.0,584.0,235.8
80,10,0,0.782,256.7,172.7,283.9,243.3,270.3,208.0
81,1,0,0.774,373.1,180.0,399.2,260.0,386.1,220.0
81,4,0,0.766,443.4,172.4,474.5,251.3,459.0,211.8
81,5,0,0.815,474.6,174.8,501.0,249.2,487.8,212.0
81,9,0,0.836,566.1,188.3,598.8,281.9,582.4,235.1
81,10,0,0.718,257.6,174.0,285.4,245.3,271.5,209.6
82,1,0,0.774,374.2,180.3,399.3,259.9,386.7,220.1
82,4,0,0.768,445.2,171.3,476.0,250.2,460.6,210.7
82,5,0,0.82,476.2,174.2,501.6,247.7,488.9,210.9
82,9,0,0.816,565.1,185.9,596.0,279.2,580.5,232.5
82,10,0,0.801,259.9,176.2,286.7,246.0,273.3,211.1
83,1,0,0.756,375.5,179.5,399.7,260.3,387.6,219.9
83,4,0,0.778,446.4,169.8,477.0,247.6,461.7,208.7
83,5,0,0.782,478.3,173.3,503.8,245.6,491.0,209.4
83,9,0,0.83,563.5,182.2,594.9,274.5,579.2,228.4
83,10,0,0.789,262.5,177.5,288.9,248.6,275.7,213.1
84,1,0,0.788,376.0,179.4,399.8,260.2,387.9,219.8
84,4,0,0.823,446.8,167.4,479.0,245.0,462.9,206.2
84,5,0,0.773,480.1,170.3,506.7,244.7,493.4,207.5
84,9,0,0.846,562.8,180.8,594.7,272.1,578.7,226.4
84,10,0,0.776,264.4,178.4,291.0,250.6,277.7,214.5
85,1,0,0.814,375.3,179.0,399.6,259.5,387.5,219.2
85,4,0,0.738,448.9,165.8,480.1,241.9,464.5,203.9
85,5,0,0.849,482.4,168.9,508.9,242.3,495.7,205.6
85,9,0,0.849,562.3,179.4,594.5,270.4,578.4,224.9
85,10,0,0.723,268.3,179.1,297.4,251.6,282.9,215.3
86,1,0,0.812,374.3,178.7,400.3,259.2,387.3,218.9
86,4,0,0.753,450.8,165.6,480.0,240.2,465.4,202.9
86,5,0,0.841,484.0,167.8,510.0,241.1,497.0,204.4
86,9,0,0.865,563.0,178.1,594.5,268.8,578.7,223.4
86,10,0,0.737,271.6,182.2,301.4,253.2,286.5,217.7
87,1,0,0.753,373.2,178.3,401.0,258.7,387.1,218.5
87,4,0,0.726,452.7,163.6,480.9,238.4,466.8,201.0
87,5,0,0.851,485.0,166.7,510.2,241.5,497.6,204.1
87,9,0,0.867,564.3,176.1,594.6,265.9,579.5,221.0
87,10,0,0.823,275.7,183.2,304.2,253.8,289.9,218.5
88,1,0,0.713,371.3,178.4,402.9,257.9,387.1,218.1
88,4,0,0.773,454.9,160.4,485.1,236.3,470.0,198.3
88,5,0,0.791,487.0,164.1,511.6,237.4,499.3,200.7
88,9,0,0.825,566.6,174.1,595.1,261.7,580.9,217.9
88,10,0,0.745,282.0,184.1,309.6,256.3,295.8,220.2
89,1,0,0.722,370.6,178.8,403.9,258.2,387.3,218.5
89,4,0,0.709,457.9,159.0,487.2,234.2,472.6,196.6
89,5,0,0.754,488.2,162.9,514.7,234.3,501.4,198.6
89,9,0,0.809,568.5,173.5,596.5,258.5,582.5,216.0
89,10,0,0.778,286.5,187.1,313.1,257.3,299.8,222.2
90,1,0,0.755,371.2,178.9,404.9,258.5,388.0,218.7
90,4,0,0.706,460.8,158.7,490.1,234.2,475.4,196.5
90,5,0,0.742,489.5,162.5,517.4,232.4,503.4,197.5
90,9,0,0.842,569.4,172.6,598.0,257.6,583.7,215.1
90,10,0,0.808,290.3,187.4,316.7,259.9,303.5,223.6
91,1,0,0.719,373.3,178.6,406.0,258.3,389.6,218.4
91,4,0,0.699,462.0,158.5,492.2,233.8,477.1,196.1
91,5,0,0.762,491.9,162.8,519.1,230.9,505.5,196.9
91,9,0,0.859,570.2,170.7,599.8,256.5,585.0,213.6
91,10,0,0.78,293.3,187.5,319.8,262.2,306.6,224.8
92,1,0,0.728,376.9,178.9,409.1,259.5,393.0,219.2
92,4,0,0.815,466.4,155.2,495.4,230.2,480.9,192.7
92,5,0,0.893,495.6,160.3,522.9,231.3,509.2,195.8
92,9,0,0.863,571.3,166.4,602.8,252.1,587.0,209.2
92,10,0,0.761,299.3,190.3,327.2,262.8,313.3,226.5
93,1,0,0.739,378.4,179.0,410.9,259.6,394.7,219.3
93,4,0,0.789,469.8,153.8,497.2,227.8,483.5,190.8
93,5,0,0.85,499.0,158.9,525.8,229.7,512.4,194.3
93,9,0,0.867,572.8,164.9,604.5,250.5,588.6,207.7
93,10,0,0.789,303.6,191.1,335.2,264.6,319.4,227.9
93,11,0,0.522,241.1,58.4,255.5,92.3,248.3,75.4
94,1,0,0.78,379.5,178.6,412.6,259.0,396.0,218.8
94,4,0,0.78,472.5,154.0,500.4,226.2,486.5,190.1
94,5,0,0.776,501.5,159.6,526.7,228.8,514.1,194.2
94,9,0,0.831,574.1,164.0,606.4,249.7,590.2,206.9
94,10,0,0.779,307.6,192.0,339.2,266.4,323.4,229.2
94,11,0,0.583,238.7,58.8,254.7,92.7,246.7,75.8
95,1,0,0.798,379.5,179.0,413.5,258.4,396.5,218.7
95,4,0,0.765,474.2,154.3,503.1,225.0,488.7,189.7
95,5,0,0.725,503.4,160.2,527.5,227.8,515.4,194.0
95,9,0,0.802,576.3,163.2,607.1,248.5,591.7,205.8
95,10,0,0.832,313.1,193.2,342.5,266.7,327.8,229.9
95,11,0,0.437,236.3,58.6,252.2,92.1,244.3,75.3
96,1,0,0.768,379.4,178.3,413.7,257.5,396.5,217.9
96,4,0,0.725,479.6,153.5,506.9,222.9,493.2,188.2
96,5,0,0.749,505.9,155.8,530.1,226.6,518.0,191.2
96,9,0,0.752,580.1,159.9,607.9,243.7,594.0,201.8
96,10,0,0.848,321.8,195.1,349.2,269.2,335.5,232.2
96,11,0,0.512,232.7,59.2,247.8,92.5,240.3,75.8
97,1,0,0.728,382.1,178.2,412.7,257.1,397.4,217.6
97,4,0,0.743,483.4,151.0,509.8,221.8,496.6,186.4
97,5,0,0.812,508.6,154.8,532.3,223.4,520.4,189.1
97,9,0,0.778,582.6,158.5,608.5,240.4,595.5,199.4
97,10,0,0.822,327.3,198.3,355.1,270.7,341.2,234.5
97,11,0,0.506,229.9,59.5,246.2,93.3,238.1,76.4
98,1,0,0.76,382.2,178.3,411.5,256.9,396.9,217.6
98,4,0,0.798,486.1,148.1,512.7,220.6,499.4,184.4
98,5,0,0.775,511.0,153.0,534.9,222.6,522.9,187.8
98,9,0,0.802,584.6,158.0,610.3,239.0,597.5,198.5
98,10,0,0.807,332.1,197.9,359.6,272.6,345.9,235.3
98,11,0,0.524,228.0,59.8,244.4,93.2,236.2,76.5
99,1,0,0.744,379.8,178.8,409.6,256.5,394.7,217.7
99,4,0,0.723,490.3,148.6,515.9,219.9,503.1,184.2
99,5,0,0.738,512.7,152.8,539.4,219.4,526.0,186.1
99,9,0,0.786,587.2,156.2,614.7,237.3,600.9,196.7
99,10,0,0.85,340.9,198.9,368.1,272.8,354.5,235.8
99,11,0,0.521,225.1,59.4,239.6,94.3,232.3,76.9
100,1,0,0.795,378.1,178.5,409.3,256.1,393.7,217.3
100,4,0,0.822,493.4,147.9,519.2,219.1,506.3,183.5
100,5,0,0.755,514.9,152.6,541.7,217.8,528.3,185.2
100,9,0,0.804,589.1,152.9,617.9,234.9,603.5,193.9
100,10,0,0.832,346.6,199.6,377.5,274.7,362.0,237.1
100,11,0,0.53,222.8,60.0,237.3,95.3,230.1,77.6
101,1,0,0.738,376.4,177.4,408.5,255.4,392.4,216.4
101,4,0,0.805,495.1,146.1,522.5,218.5,508.8,182.3
101,5,0,0.769,520.1,151.8,544.9,216.9,532.5,184.4
101,9,0,0.775,591.0,151.5,620.6,232.8,605.8,192.2
101,10,0,0.784,350.4,200.2,383.5,275.4,366.9,237.8
101,11,0,0.539,220.8,60.4,235.3,95.9,228.1,78.1
102,1,0,0.656,377.4,176.5,408.5,255.4,393.0,215.9
102,4,0,0.832,498.1,144.9,523.8,213.3,510.9,179.1
102,5,0,0.815,522.7,150.5,547.3,217.1,535.0,183.8
102,9,0,0.8,592.3,150.3,623.0,231.8,607.7,191.0
102,10,0,0.73,357.0,202.5,386.8,276.4,371.9,239.5
102,11,0,0.536,218.1,61.5,232.5,96.1,225.3,78.8
103,1,0,0.601,373.3,178.4,403.2,269.8,388.2,224.1
103,4,0,0.784,501.9,144.1,526.9,211.6,514.4,177.9
103,5,0,0.768,526.8,151.0,550.6,215.5,538.7,183.3
103,9,0,0.771,596.6,149.4,626.6,230.4,611.6,189.9
103,10,0,0.71,367.7,204.8,397.1,277.3,382.4,241.0
103,11,0,0.522,214.0,61.5,229.1,96.5,221.6,79.0
104,1,0,0.741,371.8,176.1,407.9,275.3,389.8,225.7
104,4,0,0.747,504.3,144.1,529.7,211.5,517.0,177.8
104,5,0,0.801,528.5,151.4,553.7,214.3,541.1,182.9
104,9,0,0.817,600.3,147.9,628.0,226.6,614.1,187.3
104,11,0,0.526,211.0,62.1,227.2,97.2,219.1,79.6
105,1,0,0.515,375.7,177.4,407.5,263.6,391.6,220.5
105,4,0,0.762,508.9,142.0,534.3,211.1,521.6,176.5
105,5,0,0.823,534.6,148.5,558.5,213.1,546.5,180.8
105,9,0,0.808,605.6,145.4,630.3,224.1,617.9,184.8
105,11,0,0.545,208.0,63.2,222.3,97.6,215.1,80.4
106,1,0,0.711,377.4,177.9,407.7,257.9,392.5,217.9
106,4,0,0.835,512.8,142.0,538.2,209.2,525.5,175.6
106,5,0,0.807,538.7,146.2,562.4,211.3,550.5,178.8
106,9,0,0.778,608.3,145.0,632.6,221.7,620.5,183.4
106,11,0,0.381,202.4,63.4,218.0,99.3,210.2,81.3
106,10,0,0.536,395.2,202.9,418.9,279.9,407.1,241.4
107,1,0,0.77,378.0,176.5,405.5,254.9,391.7,215.7
107,4,0,0.809,515.9,141.1,540.7,208.4,528.3,174.7
107,5,0,0.782,541.8,145.3,564.5,210.7,553.1,178.0
107,9,0,0.721,609.3,144.9,635.8,222.2,622.5,183.5
107,11,0,0.58,199.4,63.7,215.3,100.2,207.3,81.9
107,10,0,0.514,401.6,201.9,439.4,280.7,420.5,241.3
108,1,0,0.803,376.4,175.7,402.8,252.7,389.6,214.2
108,4,0,0.767,519.7,140.9,544.4,208.9,532.1,174.9
108,5,0,0.69,543.7,145.1,569.2,209.4,556.4,177.2
108,9,0,0.807,612.8,142.4,639.4,220.1,626.1,181.2
108,11,0,0.53,196.5,63.2,211.8,100.1,204.1,81.6
108,10,0,0.438,406.1,199.0,447.8,281.5,427.0,240.2
109,1,0,0.777,375.0,175.8,402.3,252.7,388.7,214.2
109,4,0,0.758,522.3,140.3,549.1,207.7,535.7,174.0
109,5,0,0.783,547.5,145.7,572.1,209.7,559.8,177.7
109,9,0,0.791,614.3,140.8,642.8,216.5,628.6,178.7
109,11,0,0.524,194.8,63.1,209.6,100.7,202.2,81.9
110,1,0,0.814,372.6,176.9,402.7,252.6,387.7,214.7
110,4,0,0.776,525.5,140.0,552.4,206.9,539.0,173.4
110,5,0,0.712,550.5,144.7,574.4,208.3,562.4,176.5
110,9,0,0.692,615.7,140.2,646.2,216.1,631.0,178.1
110,11,0,0.636,193.0,63.5,208.4,100.9,200.7,82.2
111,1,0,0.85,370.5,176.5,401.1,253.4,385.8,215.0
111,4,0,0.789,528.4,139.4,554.2,205.2,541.3,172.3
111,5,0,0.774,553.0,143.9,577.2,206.7,565.1,175.3
111,9,0,0.757,619.4,140.3,649.0,213.6,634.2,177.0
111,11,0,0.584,190.8,63.8,207.5,101.4,199.2,82.6
111,10,0,0.737,429.8,202.9,467.4,283.9,448.6,243.4
112,1,0,0.819,369.6,176.9,399.2,254.1,384.4,215.5
112,4,0,0.721,531.9,138.5,556.5,202.8,544.2,170.7
112,5,0,0.71,556.2,142.6,580.3,205.8,568.3,174.2
112,9,0,0.753,622.6,139.6,651.0,213.7,636.8,176.6
112,11,0,0.558,188.9,64.0,206.6,102.1,197.7,83.0
112,10,0,0.777,434.7,206.2,475.0,284.8,454.9,245.5
113,1,0,0.786,369.1,178.0,397.6,255.5,383.3,216.7
113,4,0,0.707,536.1,137.4,559.7,202.3,547.9,169.8
113,5,0,0.795,560.3,141.9,585.0,204.9,572.6,173.4
113,9,0,0.79,628.7,137.5,652.9,211.0,640.8,174.3
113,11,0,0.444,185.5,64.9,202.2,102.0,193.8,83.5
113,10,0,0.748,451.0,207.8,480.3,285.3,465.6,246.6
114,1,0,0.787,369.3,178.4,397.0,256.7,383.2,217.5
114,4,0,0.77,539.3,136.1,563.3,200.6,551.3,168.4
114,5,0,0.76,564.5,141.3,588.5,203.1,576.5,172.2
114,9,0,0.696,632.1,135.6,654.7,210.0,643.4,172.8
114,11,0,0.416,183.5,65.9,200.7,103.6,192.1,84.7
114,10,0,0.739,459.8,208.1,485.8,285.7,472.8,246.9
115,1,0,0.786,369.4,179.0,397.9,257.4,383.6,218.2
115,4,0,0.74,541.1,135.1,566.0,200.5,553.5,167.8
115,5,0,0.757,566.3,140.2,590.6,203.2,578.5,171.7
115,9,0,0.719,634.3,135.5,657.6,208.0,646.0,171.7
115,11,0,0.491,181.6,69.4,196.2,104.4,188.9,86.9
115,10,0,0.814,464.4,209.2,498.6,287.1,481.5,248.1
116,1,0,0.795,369.6,179.3,400.2,258.0,384.9,218.6
116,4,0,0.744,545.1,134.1,569.7,199.1,557.4,166.6
116,5,0,0.691,570.2,139.9,593.0,202.0,581.6,170.9
116,9,0,0.663,635.8,134.4,660.5,207.7,648.1,171.1
116,11,0,0.565,179.3,69.9,192.7,104.6,186.0,87.3
116,10,0,0.805,467.9,210.2,506.3,288.4,487.1,249.3
117,1,0,0.795,369.9,179.6,401.1,260.7,385.5,220.1
117,4,0,0.828,548.9,131.8,575.4,198.3,562.2,165.1
117,5,0,0.78,575.4,138.8,597.9,199.0,586.7,168.9
117,9,0,0.7,639.1,133.8,664.7,205.9,651.9,169.8
117,11,0,0.59,175.9,70.1,190.8,105.8,183.3,88.0
117,10,0,0.753,481.8,210.2,512.7,289.3,497.3,249.8
118,1,0,0.765,370.6,180.7,400.7,261.1,385.7,220.9
118,4,0,0.767,551.8,131.1,578.6,198.4,565.2,164.8
118,5,0,0.665,577.9,138.6,602.0,198.4,589.9,168.5
118,9,0,0.683,641.0,131.6,668.8,204.4,654.9,168.0
118,11,0,0.64,173.0,70.6,189.5,107.1,181.2,88.9
118,10,0,0.729,492.0,211.9,519.0,291.0,505.5,251.4
118,12,0,0.78,703.5,222.7,753.4,310.2,728.5,266.5
119,1,0,0.756,371.6,180.8,400.2,261.6,385.9,221.2
119,4,0,0.695,553.4,131.7,581.5,197.9,567.5,164.8
119,5,0,0.644,580.0,137.9,604.7,197.4,592.4,167.6
119,9,0,0.684,643.2,130.9,671.8,204.1,657.5,167.5
119,11,0,0.633,170.7,70.8,187.7,107.5,179.2,89.2
119,10,0,0.757,496.8,211.8,529.8,292.9,513.3,252.4
119,12,0,0.593,699.7,218.8,746.1,307.6,722.9,263.2
120,1,0,0.79,373.1,181.1,400.3,261.9,386.7,221.5
120,4,0,0.713,558.9,129.0,585.6,194.1,572.2,161.6
120,5,0,0.794,585.4,133.4,609.4,197.2,597.4,165.3
120,9,0,0.682,648.2,130.4,676.4,201.5,662.3,166.0
120,11,0,0.532,166.5,70.8,181.4,107.9,174.0,89.3
120,10,0,0.696,508.8,213.3,538.8,294.3,523.8,253.8
120,12,0,0.614,690.6,208.0,726.9,304.2,708.7,256.1
121,1,0,0.792,374.7,181.5,400.6,261.6,387.7,221.5
121,4,0,0.691,563.0,128.0,587.9,192.9,575.4,160.4
121,5,0,0.807,589.3,131.4,612.7,196.9,601.0,164.2
121,9,0,0.702,652.8,129.5,678.4,200.5,665.6,165.0
121,11,0,0.508,163.7,72.1,179.7,108.7,171.7,90.4
121,10,0,0.714,518.2,213.4,545.4,294.9,531.8,254.1
121,12,0,0.693,672.7,212.3,718.6,303.7,695.7,258.0
122,1,0,0.819,376.3,183.1,404.9,261.6,390.6,222.3
122,4,0,0.676,567.0,128.2,592.4,191.8,579.7,160.0
122,5,0,0.739,592.4,132.5,617.4,195.1,604.9,163.8
122,9,0,0.652,658.7,129.2,680.3,198.2,669.5,163.7
122,11,0,0.536,159.6,71.7,173.8,108.2,166.7,90.0
122,10,0,0.811,526.8,215.2,563.8,297.1,545.3,256.2
122,12,0,0.791,663.8,212.6,707.3,300.6,685.6,256.6
123,1,0,0.849,377.8,183.2,405.7,260.8,391.7,222.0
123,4,0,0.669,570.3,129.1,594.4,190.2,582.4,159.6
123,5,0,0.685,594.8,130.8,620.4,193.6,607.6,162.2
123,9,0,0.674,662.0,129.2,683.1,197.3,672.5,163.2
123,11,0,0.693,157.3,71.8,171.0,109.2,164.1,90.5
123,10,0,0.824,532.3,216.9,571.9,298.9,552.1,257.9
123,12,0,0.708,659.1,211.2,693.4,298.0,676.3,254.6
124,1,0,0.852,379.6,183.2,405.6,260.5,392.6,221.9
124,4,0,0.721,573.9,128.3,596.8,188.9,585.3,158.6
124,5,0,0.765,596.9,129.3,621.3,193.4,609.1,161.4
124,9,0,0.612,664.4,128.4,686.0,196.8,675.2,162.6
124,11,0,0.67,154.1,72.6,169.1,110.4,161.6,91.5
124,10,0,0.726,543.5,217.3,576.0,299.7,559.8,258.5
124,12,0,0.729,647.5,210.1,684.2,297.8,665.9,253.9
125,1,0,0.827,381.4,182.0,406.2,260.0,393.8,221.0
125,4,0,0.795,577.4,126.8,600.3,187.4,588.8,157.1
125,5,0,0.831,599.6,128.4,622.1,192.6,610.8,160.5
125,9,0,0.657,665.4,127.3,688.3,195.9,676.8,161.6
125,11,0,0.614,151.3,73.6,167.4,111.6,159.3,92.6
125,10,0,0.814,552.3,217.7,579.7,300.4,566.0,259.0
125,12,0,0.77,636.5,211.0,678.7,296.3,657.6,253.6
126,1,0,0.822,381.9,180.7,407.4,260.2,394.7,220.5
126,4,0,0.83,579.9,125.5,602.6,185.8,591.2,155.7
126,5,0,0.845,600.9,128.1,623.3,190.8,612.1,159.5
126,9,0,0.666,666.8,126.5,690.5,194.4,678.7,160.4
126,11,0,0.673,148.8,74.3,164.9,111.2,156.8,92.8
126,10,0,0.795,558.5,218.0,585.8,301.5,572.1,259.7
126,12,0,0.812,629.0,210.3,674.2,295.9,651.6,253.1
127,1,0,0.833,382.5,180.6,407.5,261.3,395.0,220.9
127,4,0,0.741,583.1,124.7,607.3,186.3,595.2,155.5
127,5,0,0.722,604.2,127.4,628.8,188.6,616.5,158.0
127,9,0,0.754,670.2,123.2,695.7,191.7,682.9,157.5
127,11,0,0.63,144.7,73.7,159.9,111.6,152.3,92.6
127,10,0,0.783,564.1,219.6,600.6,305.1,582.3,262.3
127,12,0,0.74,623.3,207.8,659.9,292.7,641.6,250.2
128,1,0,0.832,382.5,180.7,407.3,262.1,394.9,221.4
128,4,0,0.794,585.5,124.6,610.3,185.8,597.9,155.2
128,5,0,0.743,608.2,128.7,630.7,186.4,619.4,157.6
128,9,0,0.748,672.2,122.5,699.5,192.2,685.9,157.3
128,11,0,0.61,141.3,75.6,156.6,112.9,148.9,94.2
128,10,0,0.795,576.4,221.2,607.4,306.2,591.9,263.7
128,12,0,0.743,613.1,205.1,653.3,291.7,633.2,248.4
129,1,0,0.864,382.1,181.7,407.2,263.0,394.7,222.3
129,4,0,0.765,588.2,123.0,612.7,185.2,600.4,154.1
129,5,0,0.796,611.5,128.1,633.2,186.3,622.4,157.2
129,9,0,0.735,674.3,122.6,701.9,192.1,688.1,157.4
129,11,0,0.547,138.4,76.0,154.0,113.8,146.2,94.9
129,10,0,0.686,586.4,221.6,613.9,306.5,600.2,264.1
129,12,0,0.703,607.6,204.7,646.4,291.7,627.0,248.2
130,1,0,0.839,380.5,183.1,407.1,263.9,393.8,223.5
130,4,0,0.817,590.3,122.7,615.2,182.9,602.7,152.8
130,5,0,0.804,615.8,126.3,638.7,185.6,627.2,155.9
130,9,0,0.787,681.4,120.7,704.4,189.7,692.9,155.2
130,11,0,0.58,134.6,75.9,149.4,114.5,142.0,95.2
130,10,0,0.779,591.9,221.4,631.3,307.2,611.6,264.3
131,1,0,0.79,379.8,184.7,407.0,264.0,393.4,224.4
131,4,0,0.726,593.1,121.4,617.2,182.4,605.2,151.9
131,5,0,0.775,617.5,125.7,643.1,184.7,630.3,155.2
131,9,0,0.777,685.3,119.5,705.8,187.7,695.6,153.6
131,11,0,0.647,131.0,76.8,147.5,115.9,139.2,96.3
131,10,0,0.72,598.5,223.8,639.3,307.6,618.9,265.7
131,12,0,0.673,587.2,202.2,619.1,283.8,603.2,243.0
132,1,0,0.813,379.4,185.2,406.2,264.0,392.8,224.6
132,4,0,0.714,594.8,120.2,618.3,181.9,606.6,151.1
132,5,0,0.675,618.7,126.0,646.6,184.2,632.7,155.1
132,9,0,0.77,688.0,119.2,707.9,186.5,698.0,152.8
132,11,0,0.642,129.1,77.7,145.0,116.6,137.1,97.2
132,10,0,0.724,610.8,224.6,643.5,307.5,627.2,266.1
132,12,0,0.747,575.9,201.2,614.1,284.2,595.0,242.7
133,1,0,0.812,379.3,185.7,404.5,264.1,391.9,224.9
133,4,0,0.787,596.9,120.0,619.4,180.7,608.2,150.4
133,5,0,0.689,621.5,125.9,648.6,183.5,635.1,154.7
133,9,0,0.688,690.1,119.0,711.5,186.0,700.8,152.5
133,11,0,0.616,126.5,77.7,142.2,117.9,134.4,97.8
133,10,0,0.67,621.3,224.4,648.7,308.5,635.0,266.5
133,12,0,0.824,568.2,199.9,610.2,284.4,589.2,242.1
133,13,0,0.674,740.8,253.7,767.6,351.0,754.2,302.4
134,1,0,0.789,378.8,186.2,404.4,264.8,391.6,225.5
134,4,0,0.842,599.1,117.7,621.8,180.3,610.5,149.0
134,5,0,0.696,623.1,124.3,648.4,184.2,635.7,154.2
134,9,0,0.649,690.3,118.9,713.9,187.3,702.1,153.1
134,11,0,0.593,123.8,78.0,138.9,117.9,131.3,98.0
134,10,0,0.772,625.6,225.3,658.9,310.2,642.3,267.7
134,12,0,0.753,563.0,198.5,603.7,282.1,583.4,240.3
134,13,0,0.779,725.1,252.1,767.7,349.6,746.4,300.8
135,1,0,0.786,378.6,186.4,404.8,265.7,391.7,226.1
135,4,0,0.748,601.0,117.1,624.0,179.0,612.5,148.0
135,5,0,0.654,624.2,122.3,648.2,183.7,636.2,153.0
135,9,0,0.711,692.7,117.6,716.2,187.3,704.5,152.4
135,11,0,0.564,121.7,79.5,135.9,118.6,128.8,99.0
135,10,0,0.76,628.9,226.4,669.2,310.2,649.0,268.3
135,12,0,0.714,559.5,197.2,598.7,280.2,579.1,238.7
135,13,0,0.748,717.2,250.9,767.3,347.9,742.3,299.4
136,1,0,0.807,379.2,186.2,404.9,266.6,392.0,226.4
136,4,0,0.773,603.3,117.1,627.2,178.3,615.3,147.7
136,5,0,0.657,625.7,121.3,648.5,181.5,637.1,151.4
136,9,0,0.759,695.5,116.6,718.5,186.1,707.0,151.3
136,11,0,0.527,119.0,81.0,134.2,119.6,126.6,100.3
136,10,0,0.712,634.5,227.6,675.3,310.6,654.9,269.1
136,12,0,0.814,556.5,197.2,593.3,277.6,574.9,237.4
136,13,0,0.801,714.3,249.9,758.7,345.3,736.5,297.6
137,1,0,0.832,381.3,184.7,408.9,267.3,395.1,226.0
137,4,0,0.749,606.8,117.8,629.8,177.4,618.3,147.6
137,5,0,0.674,628.8,121.6,650.2,178.7,639.5,150.1
137,9,0,0.69,698.0,116.2,722.7,184.6,710.4,150.4
137,11,0,0.646,114.6,80.1,129.5,120.1,122.1,100.1
137,10,0,0.751,653.1,227.1,684.5,311.6,668.8,269.3
137,12,0,0.765,541.6,196.8,585.4,276.3,563.5,236.5
137,13,0,0.82,701.8,247.9,740.9,343.4,721.4,295.6
138,1,0,0.814,383.1,184.6,411.5,267.3,397.3,225.9
138,4,0,0.646,608.9,117.1,632.4,176.6,620.6,146.8
138,5,0,0.639,631.2,121.7,652.0,177.7,641.6,149.7
138,9,0,0.654,700.0,116.3,725.4,184.3,712.7,150.3
138,11,0,0.616,112.3,81.0,126.9,120.5,119.6,100.7
138,10,0,0.642,660.7,227.7,694.4,312.0,677.5,269.9
138,12,0,0.775,536.1,193.7,578.2,273.9,557.2,233.8
138,13,0,0.758,690.3,246.3,732.4,341.8,711.3,294.1
139,1,0,0.817,384.3,185.1,413.0,267.3,398.6,226.2
139,4,0,0.619,611.7,116.3,633.9,176.1,622.8,146.2
139,5,0,0.679,633.3,120.6,654.9,177.2,644.1,148.9
139,9,0,0.683,702.6,115.6,726.7,182.8,714.7,149.2
139,11,0,0.564,109.8,82.2,124.6,120.8,117.2,101.5
139,10,0,0.394,664.9,228.3,700.6,310.8,682.8,269.6
139,12,0,0.766,531.7,192.7,568.0,272.5,549.8,232.6
139,13,0,0.709,684.2,243.3,726.4,339.3,705.3,291.3
140,1,0,0.792,384.9,185.4,413.6,267.8,399.3,226.6
140,4,0,0.652,615.7,115.3,638.1,174.1,626.9,144.7
140,5,0,0.72,636.7,119.5,659.8,175.7,648.3,147.6
140,9,0,0.686,705.5,113.8,727.2,179.6,716.4,146.7
140,11,0,0.513,106.0,82.8,121.5,121.5,113.8,102.2
140,10,0,0.57,674.1,230.1,710.8,328.3,692.5,279.2
140,12,0,0.797,517.0,191.8,556.5,270.2,536.8,231.0
140,13,0,0.266,677.9,232.6,717.2,321.3,697.5,277.0
141,1,0,0.81,385.6,185.6,412.2,268.3,398.9,227.0
141,4,0,0.709,618.4,114.5,640.8,173.2,629.6,143.8
141,5,0,0.712,638.9,118.7,661.9,173.6,650.4,146.2
141,9,0,0.714,706.8,112.9,727.8,178.5,717.3,145.7
141,11,0,0.58,102.0,83.1,116.8,121.8,109.4,102.4
141,10,0,0.555,691.9,228.0,719.1,317.7,705.5,272.8
141,12,0,0.774,508.0,193.2,550.6,269.2,529.3,231.2
141,13,0,0.734,664.1,236.8,705.4,329.8,684.7,283.3
142,1,0,0.805,385.3,185.9,410.6,268.7,398.0,227.3
142,4,0,0.687,621.0,114.8,642.6,173.0,631.8,143.9
142,5,0,0.651,640.8,118.4,662.4,171.9,651.6,145.2
142,9,0,0.701,707.6,112.4,729.0,177.3,718.3,144.8
142,11,0,0.576,99.7,83.7,114.7,122.6,107.2,103.1
142,10,0,0.746,697.1,229.1,734.2,314.8,715.6,271.9
142,12,0,0.741,503.4,192.5,541.7,266.8,522.5,229.7
142,13,0,0.815,654.2,238.3,701.4,331.8,677.8,285.0
143,1,0,0.781,385.6,186.8,410.0,269.6,397.8,228.2
143,4,0,0.734,624.4,115.0,645.5,171.9,635.0,143.4
143,5,0,0.611,643.0,116.9,666.0,172.1,654.5,144.5
143,9,0,0.648,708.9,111.7,731.2,177.5,720.0,144.6
143,11,0,0.569,95.3,83.7,111.4,124.0,103.4,103.8
143,10,0,0.797,702.2,232.0,745.0,313.6,723.6,272.8
143,12,0,0.71,495.7,186.1,532.2,263.6,513.9,224.9
143,13,0,0.765,649.4,237.2,686.1,330.2,667.8,283.7
144,1,0,0.765,385.2,188.0,409.7,270.0,397.5,229.0
144,4,0,0.672,626.6,112.8,647.0,169.8,636.8,141.3
144,5,0,0.602,644.5,115.6,667.7,171.5,656.1,143.5
144,9,0,0.628,709.6,111.5,732.4,178.0,721.0,144.7
144,11,0,0.555,93.2,84.3,107.5,124.4,100.4,104.4
144,10,0,0.676,717.2,229.9,751.7,313.1,734.4,271.5
144,12,0,0.715,484.3,186.8,525.7,262.3,505.0,224.5
144,13,0,0.82,640.6,236.6,673.9,329.9,657.2,283.2
145,1,0,0.793,384.8,188.7,410.1,270.3,397.4,229.5
145,4,0,0.676,628.0,110.8,649.0,168.8,638.5,139.8
145,5,0,0.696,646.3,114.3,668.2,171.2,657.3,142.7
145,9,0,0.724,710.3,110.6,732.7,177.5,721.5,144.1
145,11,0,0.628,91.1,85.3,105.0,124.7,98.0,105.0
145,10,0,0.735,727.1,229.2,757.6,312.7,742.3,271.0
145,12,0,0.7,481.4,184.0,520.3,261.7,500.8,222.9
145,13,0,0.824,630.6,235.1,667.4,329.0,649.0,282.0
146,1,0,0.8,385.3,190.3,411.1,272.0,398.2,231.1
146,4,0,0.7,630.4,110.4,651.4,168.9,640.9,139.6
146,5,0,0.738,648.1,115.1,668.9,170.5,658.5,142.8
146,9,0,0.686,711.1,109.3,731.9,174.7,721.5,142.0
146,11,0,0.607,86.8,86.5,102.1,126.5,94.5,106.5
146,10,0,0.807,733.1,230.6,767.3,313.9,750.2,272.2
146,12,0,0.779,471.8,181.4,506.7,261.1,489.2,221.3
146,13,0,0.841,620.3,232.1,656.2,324.2,638.2,278.2
147,1,0,0.795,386.0,193.2,412.0,274.0,399.0,233.6
147,4,0,0.756,632.1,111.5,652.6,168.5,642.3,140.0
147,5,0,0.786,650.0,116.1,670.0,170.3,660.0,143.2
147,9,0,0.675,711.9,109.3,730.6,174.0,721.2,141.6
147,11,0,0.566,83.2,86.5,98.3,126.9,90.7,106.7
147,10,0,0.73,736.8,231.1,768.0,315.4,752.4,273.3
147,12,0,0.743,460.9,179.6,499.7,260.0,480.3,219.8
147,13,0,0.83,612.7,230.9,647.2,322.3,630.0,276.6
148,1,0,0.82,387.5,194.7,413.2,275.7,400.3,235.2
148,4,0,0.759,633.6,109.2,653.9,167.7,643.7,138.4
148,5,0,0.79,651.7,116.5,672.4,170.6,662.0,143.6
148,9,0,0.635,712.2,108.9,730.1,173.5,721.2,141.2
148,11,0,0.541,80.1,86.8,94.6,126.3,87.3,106.5
148,10,0,0.367,745.6,232.7,768.0,314.6,756.8,273.6
148,12,0,0.696,454.0,182.2,494.6,258.8,474.3,220.5
148,13,0,0.804,607.2,229.2,639.6,321.4,623.4,275.3
149,1,0,0.748,388.8,195.9,415.8,277.0,402.3,236.4
149,4,0,0.75,634.8,108.5,655.4,166.5,645.1,137.5
149,5,0,0.755,654.9,115.1,677.5,169.0,666.2,142.0
149,9,0,0.686,712.3,109.1,729.8,173.4,721.0,141.3
149,11,0,0.549,74.6,88.8,90.9,128.5,82.7,108.7
149,12,0,0.451,448.6,181.1,481.1,256.5,464.9,218.8
149,13,0,0.804,592.9,227.5,635.0,319.3,614.0,273.4
150,1,0,0.772,388.7,196.7,416.9,277.8,402.8,237.2
150,4,0,0.716,635.8,108.6,656.0,166.0,645.9,137.3
150,5,0,0.694,656.9,114.3,679.8,167.4,668.3,140.8
150,9,0,0.674,711.5,110.1,729.1,174.5,720.3,142.3
150,11,0,0.616,70.8,90.0,87.1,129.9,79.0,110.0
150,12,0,0.521,441.8,187.1,469.4,267.8,455.6,227.5
150,13,0,0.851,586.7,226.9,626.1,317.5,606.4,272.2
151,1,0,0.783,388.9,197.2,418.1,279.6,403.5,238.4
151,4,0,0.736,637.3,108.6,657.1,165.4,647.2,137.0
151,5,0,0.666,659.1,113.8,680.2,166.3,669.7,140.0
151,9,0,0.602,710.9,110.6,728.6,174.3,719.7,142.4
151,11,0,0.555,68.1,90.1,83.8,130.3,76.0,110.2
151,12,0,0.632,439.2,190.3,465.0,272.1,452.1,231.2
151,13,0,0.738,581.5,225.3,614.3,315.7,597.9,270.5
152,1,0,0.539,392.8,198.8,420.2,282.2,406.5,240.5
152,4,0,0.753,639.1,107.4,660.0,164.8,649.6,136.1
152,5,0,0.643,661.3,111.9,682.5,166.3,671.9,139.1
152,9,0,0.594,703.8,112.2,727.1,175.3,715.5,143.7
152,11,0,0.691,63.9,90.7,80.7,131.6,72.3,111.2
152,12,0,0.766,439.9,191.2,466.2,275.7,453.1,233.4
152,13,0,0.768,568.8,224.0,605.2,315.1,587.0,269.6
153,1,0,0.41,396.8,196.2,422.4,283.2,409.6,239.7
153,4,0,0.672,640.9,106.9,662.7,164.4,651.8,135.6
153,5,0,0.691,663.7,109.9,684.8,166.4,674.3,138.2
153,9,0,0.545,700.2,114.2,725.9,176.2,713.0,145.2
153,11,0,0.593,61.4,91.0,78.7,132.3,70.0,111.7
153,12,0,0.771,440.2,192.6,467.6,278.6,453.9,235.6
153,13,0,0.79,562.4,224.0,600.3,314.1,581.3,269.1
154,1,0,0.44,401.0,193.7,432.6,285.8,416.8,239.7
154,4,0,0.719,642.6,106.4,664.8,162.6,653.7,134.5
154,5,0,0.726,665.7,109.1,686.6,165.1,676.2,137.1
154,9,0,0.58,698.3,115.4,724.8,177.4,711.6,146.4
154,11,0,0.651,58.7,91.2,74.2,131.9,66.5,111.6
154,12,0,0.781,441.6,195.8,470.1,280.8,455.9,238.3
154,13,0,0.801,558.1,222.9,589.6,310.7,573.9,266.8
155,1,0,0.412,404.2,185.4,440.0,287.4,422.1,236.4
155,4,0,0.81,644.9,106.0,666.7,162.0,655.8,134.0
155,5,0,0.756,668.1,109.9,689.5,163.1,678.8,136.5
155,9,0,0.681,695.6,114.7,718.7,176.3,707.2,145.5
155,12,0,0.743,445.9,199.0,474.2,283.3,460.1,241.1
155,13,0,0.779,546.6,222.2,579.1,310.9,562.9,266.5
156,1,0,0.521,408.6,190.0,444.6,289.1,426.6,239.6
156,4,0,0.789,646.2,106.1,667.8,161.9,657.0,134.0
156,5,0,0.777,670.0,109.8,691.8,162.0,680.9,135.9
156,9,0,0.612,691.8,114.3,713.5,171.2,702.6,142.7
156,12,0,0.703,450.5,200.1,478.4,283.7,464.4,241.9
156,13,0,0.796,533.1,221.2,575.0,310.1,554.1,265.6
156,11,0,0.631,52.5,93.6,67.5,133.0,60.0,113.3
157,1,0,0.56,411.4,194.8,449.9,289.6,430.7,242.2
157,4,0,0.77,649.8,104.6,670.5,161.1,660.2,132.9
157,5,0,0.488,673.4,110.3,696.0,164.4,684.7,137.4
157,9,0,0.454,687.1,112.9,709.0,177.9,698.0,145.4
157,12,0,0.848,455.0,201.3,491.1,284.6,473.1,242.9
157,13,0,0.783,525.6,221.9,563.2,309.1,544.4,265.5
157,11,0,0.498,48.5,94.3,62.7,134.1,55.6,114.2
158,1,0,0.485,413.8,198.6,453.1,290.2,433.4,244.4
158,4,0,0.757,652.2,103.8,672.2,160.1,662.2,131.9
158,9,0,0.774,679.1,111.8,706.6,179.7,692.9,145.8
158,12,0,0.855,457.4,202.6,496.4,285.5,476.9,244.0
158,13,0,0.772,520.0,221.6,552.9,307.8,536.4,264.7
158,11,0,0.593,46.1,95.1,60.0,135.2,53.1,115.2
158,15,0,0.765,368.4,174.9,409.2,248.1,388.8,211.5
159,1,0,0.356,413.6,200.0,457.8,290.7,435.7,245.4
159,4,0,0.782,654.0,103.7,673.4,159.9,663.7,131.8
159,9,0,0.766,677.3,110.5,702.7,180.5,690.0,145.5
159,12,0,0.732,458.6,202.4,499.1,286.0,478.8,244.2
159,13,0,0.791,513.5,221.0,545.6,307.1,529.6,264.1
159,11,0,0.47,42.6,95.6,59.2,136.9,50.9,116.3
159,15,0,0.702,365.9,174.9,397.3,247.3,381.6,211.1
160,1,0,0.638,424.3,203.4,462.9,293.9,443.6,248.6
160,4,0,0.737,656.6,105.2,675.9,159.8,666.2,132.5
160,9,0,0.774,674.6,110.0,701.4,179.6,688.0,144.8
160,12,0,0.851,467.2,202.2,504.4,286.8,485.8,244.5
160,13,0,0.787,502.1,221.4,540.4,306.7,521.3,264.0
160,11,0,0.711,35.4,95.9,55.0,139.1,45.2,117.5
160,15,0,0.704,351.3,174.6,382.9,245.7,367.1,210.2
161,1,0,0.735,429.7,205.3,467.2,294.7,448.4,250.0
161,4,0,0.7,658.1,104.3,679.4,160.3,668.8,132.3
161,9,0,0.645,670.2,109.8,700.8,181.2,685.5,145.5
161,12,0,0.668,475.6,201.7,509.1,287.8,492.4,244.8
161,13,0,0.661,495.3,222.2,532.7,306.2,514.0,264.2
161,11,0,0.761,32.3,96.0,51.4,140.5,41.8,118.2
161,15,0,0.766,342.0,173.3,378.2,244.2,360.1,208.8
161,5,0,0.567,677.1,110.0,702.9,160.0,690.0,135.0
162,1,0,0.767,433.2,209.5,469.7,295.9,451.5,252.7
162,4,0,0.595,659.7,104.1,681.0,163.0,670.3,133.5
162,9,0,0.689,662.2,105.5,690.1,181.4,676.1,143.5
162,13,0,0.776,483.9,209.0,520.3,305.8,502.1,257.4
162,11,0,0.705,30.2,96.2,49.1,141.0,39.7,118.6
162,15,0,0.65,337.4,172.2,371.2,244.0,354.3,208.1
162,5,0,0.603,681.6,109.8,705.4,159.7,693.5,134.8
163,1,0,0.732,437.0,209.1,470.6,296.0,453.8,252.6
163,9,0,0.703,659.8,104.5,687.2,181.1,673.5,142.8
163,13,0,0.809,480.6,204.7,515.7,306.9,498.1,255.8
163,11,0,0.69,28.9,97.3,47.9,141.5,38.4,119.4
163,15,0,0.662,333.2,172.1,363.4,241.9,348.3,207.0
163,5,0,0.707,683.0,108.7,707.2,159.0,695.1,133.9
164,1,0,0.799,441.4,209.3,471.3,295.4,456.3,252.3
164,9,0,0.722,659.0,106.9,685.5,183.3,672.3,145.1
164,13,0,0.817,470.3,204.2,514.8,307.2,492.6,255.7
164,11,0,0.618,27.4,97.7,46.0,141.4,36.7,119.6
164,15,0,0.733,327.1,172.2,358.2,240.9,342.7,206.6
164,5,0,0.735,684.9,108.2,707.8,158.3,696.4,133.3
165,1,0,0.699,448.0,210.3,473.8,298.1,460.9,254.2
165,9,0,0.577,654.4,105.7,684.8,185.4,669.6,145.5
165,13,0,0.596,464.2,213.9,498.7,305.7,481.4,259.8
165,11,0,0.582,22.7,98.6,44.3,141.6,33.5,120.1
165,15,0,0.814,316.0,171.8,353.1,240.9,334.6,206.4
165,5,0,0.72,687.0,107.2,709.1,157.8,698.0,132.5
165,12,0,0.827,493.9,205.8,524.2,292.6,509.1,249.2
165,4,0,0.517,660.9,104.6,687.2,173.7,674.0,139.1
166,1,0,0.258,450.9,212.7,477.5,299.8,464.2,256.3
166,13,0,0.7,452.2,212.2,489.6,305.0,470.9,258.6
166,11,0,0.526,18.9,99.3,41.4,141.7,30.2,120.5
166,15,0,0.686,308.1,170.9,343.6,240.1,325.9,205.5
166,5,0,0.696,688.1,107.0,710.4,157.7,699.3,132.4
166,12,0,0.786,497.4,206.1,527.9,292.4,512.6,249.2
166,4,0,0.563,664.6,104.8,688.3,164.7,676.5,134.7
167,13,0,0.798,447.2,211.9,483.8,305.4,465.5,258.6
167,11,0,0.452,16.7,99.9,35.4,142.4,26.1,121.2
167,15,0,0.691,301.3,169.6,335.4,240.2,318.3,204.9
167,5,0,0.604,690.4,107.3,712.5,157.5,701.4,132.4
167,12,0,0.705,502.2,207.4,532.1,292.2,517.2,249.8
167,4,0,0.612,666.9,104.8,690.5,160.2,678.7,132.5
167,9,0,0.563,646.9,124.6,673.3,187.4,660.1,156.0
168,13,0,0.823,440.5,210.8,486.4,305.9,463.5,258.4
168,11,0,0.516,12.0,100.9,28.1,143.6,20.1,122.2
168,15,0,0.766,291.2,169.1,328.2,239.5,309.7,204.3
168,5,0,0.702,692.9,106.6,715.1,157.1,704.0,131.9
168,12,0,0.875,506.1,208.4,545.5,293.7,525.8,251.1
168,4,0,0.839,668.7,104.0,691.7,158.0,680.2,131.0
168,9,0,0.738,643.8,122.2,666.6,188.6,655.2,155.4
169,13,0,0.663,433.5,210.5,483.4,304.1,458.4,257.3
169,11,0,0.737,7.8,102.5,24.3,143.8,16.0,123.2
169,15,0,0.658,284.7,168.3,319.4,239.2,302.0,203.8
169,5,0,0.742,694.2,106.9,716.0,156.8,705.1,131.9
169,12,0,0.825,508.0,209.2,550.5,294.5,529.2,251.9
169,4,0,0.828,670.1,103.2,692.7,157.1,681.4,130.1
169,9,0,0.714,639.7,121.4,661.9,188.5,650.8,155.0
170,13,0,0.411,429.7,213.8,472.8,303.8,451.3,258.8
170,11,0,0.583,4.9,104.4,21.5,145.0,13.2,124.7
170,15,0,0.69,280.0,167.2,310.3,237.9,295.1,202.6
170,5,0,0.721,694.0,106.9,716.5,156.6,705.3,131.8
170,12,0,0.717,512.5,210.2,553.0,294.8,532.8,252.5
170,4,0,0.843,671.2,102.7,693.1,156.7,682.2,129.7
170,9,0,0.754,635.5,121.4,658.4,189.4,646.9,155.4
170,1,0,0.626,458.0,211.5,487.3,300.8,472.7,256.2
171,11,0,0.332,0.5,104.5,16.3,146.7,8.4,125.6
171,15,0,0.802,265.1,167.1,304.4,236.8,284.8,201.9
171,5,0,0.696,695.3,107.0,717.0,157.2,706.1,132.1
171,12,0,0.794,526.4,209.5,561.0,295.7,543.7,252.6
171,4,0,0.86,671.9,102.3,694.0,156.3,682.9,129.3
171,9,0,0.641,629.2,123.1,656.0,191.5,642.6,157.3
171,1,0,0.79,456.4,211.8,488.8,299.5,472.6,255.6
172,11,0,0.425,0.0,103.3,13.5,147.9,6.7,125.6
172,15,0,0.717,258.8,166.8,299.3,236.9,279.0,201.9
172,5,0,0.684,696.3,107.1,717.5,157.5,706.9,132.3
172,12,0,0.821,534.2,209.4,566.9,298.0,550.6,253.7
172,4,0,0.821,672.2,102.4,694.6,156.1,683.4,129.2
172,9,0,0.633,625.3,122.4,653.7,192.7,639.5,157.6
172,1,0,0.761,458.9,211.6,491.6,299.8,475.2,255.7
173,11,0,0.403,0.0,104.1,12.5,148.6,6.3,126.4
173,15,0,0.631,254.0,165.5,289.1,235.8,271.6,200.7
173,5,0,0.665,697.5,106.9,718.1,157.1,707.8,132.0
173,12,0,0.822,538.6,210.5,572.6,299.7,555.6,255.1
173,4,0,0.743,672.9,102.8,695.6,156.1,684.3,129.4
173,9,0,0.638,622.2,122.6,649.0,193.0,635.6,157.8
173,1,0,0.735,457.5,211.8,494.0,300.6,475.7,256.2
174,15,0,0.658,244.5,164.3,278.1,235.0,261.3,199.6
174,5,0,0.605,698.2,106.3,719.7,157.2,708.9,131.8
174,12,0,0.774,543.9,212.1,579.9,302.0,561.9,257.1
174,4,0,0.778,674.7,103.4,697.0,156.6,685.9,130.0
174,9,0,0.713,616.3,124.0,642.2,194.1,629.2,159.0
174,1,0,0.774,458.4,212.9,498.1,301.6,478.3,257.2
174,13,0,0.52,401.4,203.4,445.4,300.7,423.4,252.0
175,15,0,0.685,238.5,164.0,273.5,234.2,256.0,199.1
175,5,0,0.686,698.5,106.1,719.5,156.9,709.0,131.5
175,12,0,0.747,552.7,212.7,583.9,301.8,568.3,257.3
175,4,0,0.828,675.7,103.2,698.5,156.7,687.1,129.9
175,9,0,0.64,611.1,127.4,636.8,195.5,624.0,161.4
175,1,0,0.796,459.3,215.3,502.6,302.4,481.0,258.9
175,13,0,0.552,395.4,203.3,442.9,300.8,419.2,252.1
176,15,0,0.597,232.7,163.8,264.2,233.4,248.5,198.6
176,5,0,0.649,698.8,105.9,718.4,156.6,708.6,131.2
176,12,0,0.719,559.9,213.1,588.1,302.1,574.0,257.6
176,4,0,0.78,676.4,102.3,699.0,157.2,687.7,129.8
176,9,0,0.681,608.0,128.4,632.5,195.5,620.3,162.0
176,1,0,0.733,462.0,216.1,510.3,303.4,486.1,259.8
176,13,0,0.71,389.9,207.3,429.8,298.6,409.8,253.0
177,15,0,0.702,222.0,163.6,255.4,233.3,238.7,198.4
177,5,0,0.601,699.6,106.1,718.6,156.0,709.1,131.0
177,12,0,0.781,564.8,214.7,604.0,303.3,584.4,259.0
177,4,0,0.697,678.4,101.3,699.9,156.1,689.1,128.7
177,9,0,0.616,602.1,127.8,625.5,196.5,613.8,162.1
177,1,0,0.74,474.2,217.6,521.3,303.5,497.7,260.5
177,13,0,0.782,383.5,209.5,418.1,295.5,400.8,252.5
178,15,0,0.822,213.5,162.8,250.3,232.7,231.9,197.8
178,5,0,0.595,700.1,106.6,718.8,155.3,709.5,130.9
178,12,0,0.829,567.5,216.7,612.1,305.2,589.8,261.0
178,4,0,0.718,679.1,101.1,700.4,155.6,689.7,128.4
178,9,0,0.652,597.9,127.5,620.6,197.6,609.3,162.5
178,1,0,0.83,483.1,219.0,524.9,304.6,504.0,261.8
178,13,0,0.709,380.2,209.7,409.0,294.0,394.6,251.8
179,15,0,0.703,207.6,162.5,245.9,233.3,226.7,197.9
179,5,0,0.593,701.0,106.3,719.2,154.6,710.1,130.5
179,12,0,0.82,569.5,218.0,615.5,306.4,592.5,262.2
179,4,0,0.73,679.5,100.7,699.9,155.5,689.7,128.1
179,9,0,0.67,592.4,127.9,619.1,198.8,605.8,163.3
179,1,0,0.737,490.2,220.0,527.3,308.1,508.7,264.1
179,13,0,0.762,373.8,209.9,403.9,293.2,388.9,251.5
180,15,0,0.781,200.0,161.6,233.3,231.5,216.7,196.5
180,5,0,0.646,703.2,105.8,720.5,154.6,711.8,130.2
180,12,0,0.778,582.0,217.7,622.8,307.1,602.4,262.4
180,4,0,0.705,680.2,101.2,698.8,155.0,689.5,128.1
180,9,0,0.716,588.8,128.2,617.2,199.6,603.0,163.9
180,1,0,0.819,497.2,222.6,533.3,310.9,515.2,266.8
180,13,0,0.763,362.0,210.4,400.4,293.5,381.2,252.0
181,15,0,0.727,193.2,161.1,226.9,230.1,210.1,195.6
181,5,0,0.604,705.1,105.7,722.0,154.7,713.6,130.2
181,12,0,0.801,590.3,217.6,631.9,308.6,611.1,263.1
181,4,0,0.691,680.0,101.2,698.3,155.0,689.2,128.1
181,9,0,0.752,584.6,129.6,612.5,200.8,598.6,165.2
181,1,0,0.834,503.5,222.1,542.9,311.6,523.2,266.8
181,13,0,0.752,354.7,209.0,391.8,293.1,373.3,251.1
182,15,0,0.727,188.6,160.8,223.7,229.9,206.2,195.3
182,5,0,0.591,706.7,105.8,723.7,154.8,715.2,130.3
182,12,0,0.87,594.8,218.5,637.9,310.7,616.4,264.6
182,4,0,0.702,680.1,101.1,698.6,155.0,689.3,128.0
182,9,0,0.664,580.1,130.1,607.4,200.9,593.7,165.5
182,1,0,0.803,505.5,223.1,551.2,314.3,528.3,268.7
182,13,0,0.798,347.8,209.5,378.0,293.2,362.9,251.4
183,15,0,0.67,180.9,159.3,211.8,229.0,196.4,194.2
183,5,0,0.526,708.3,104.2,724.8,153.9,716.5,129.0
183,12,0,0.826,602.1,221.1,647.3,314.0,624.7,267.6
183,4,0,0.667,680.5,100.8,699.0,154.3,689.8,127.5
183,9,0,0.759,573.6,131.9,602.1,203.5,587.8,167.7
183,1,0,0.781,511.1,225.9,556.9,318.9,534.0,272.4
183,13,0,0.832,333.9,209.7,371.7,291.7,352.8,250.7
184,15,0,0.686,176.1,159.5,205.5,227.2,190.8,193.3
184,5,0,0.475,709.1,103.4,725.2,153.8,717.1,128.6
184,12,0,0.805,610.9,223.1,653.5,315.1,632.2,269.1
184,4,0,0.643,680.7,100.5,699.1,153.8,689.9,127.1
184,9,0,0.737,569.9,132.6,596.5,204.8,583.2,168.7
184,1,0,0.825,517.1,228.1,561.8,320.3,539.5,274.2
184,13,0,0.73,327.9,209.3,367.0,290.7,347.5,250.0
185,15,0,0.725,168.7,159.5,202.5,227.1,185.6,193.3
185,5,0,0.4,709.5,103.3,724.9,154.1,717.2,128.7
185,12,0,0.747,621.1,223.2,657.9,315.3,639.5,269.2
185,4,0,0.642,681.2,100.5,698.9,153.6,690.1,127.0
185,9,0,0.641,566.2,133.7,593.0,206.4,579.6,170.1
185,1,0,0.829,524.3,228.1,562.5,322.2,543.4,275.2
185,13,0,0.731,322.0,208.7,355.4,289.4,338.7,249.0
186,15,0,0.694,162.5,159.9,192.1,225.3,177.3,192.6
186,5,0,0.458,709.4,102.9,724.9,154.0,717.1,128.4
186,12,0,0.805,630.3,224.2,669.9,316.5,650.1,270.4
186,4,0,0.599,682.1,100.1,699.1,152.7,690.6,126.4
186,9,0,0.702,561.4,134.3,585.6,206.1,573.5,170.2
186,1,0,0.787,533.2,231.1,567.6,324.5,550.4,277.8
186,13,0,0.781,310.2,210.1,344.2,289.5,327.2,249.8
187,15,0,0.626,156.2,158.4,184.7,224.2,170.5,191.3
187,5,0,0.446,709.4,102.7,724.9,153.7,717.1,128.2
187,12,0,0.84,634.0,227.6,676.3,318.0,655.1,272.8
187,4,0,0.563,682.7,100.0,699.3,152.6,691.0,126.3
187,9,0,0.67,556.6,134.3,582.6,206.9,569.6,170.6
187,1,0,0.838,538.1,232.3,573.3,327.4,555.7,279.9
187,13,0,0.748,301.3,208.2,339.5,288.6,320.4,248.4
188,15,0,0.715,146.1,158.8,178.0,224.1,162.1,191.5
188,5,0,0.408,709.3,102.3,725.1,153.2,717.2,127.7
188,12,0,0.789,642.1,227.3,684.4,318.5,663.2,272.9
188,4,0,0.56,683.7,99.9,699.8,151.9,691.7,125.9
188,9,0,0.696,547.7,135.7,580.5,209.6,564.1,172.6
188,1,0,0.811,543.6,234.6,586.7,330.2,565.2,282.4
188,13,0,0.736,292.9,203.1,324.6,286.0,308.8,244.6
189,15,0,0.68,140.5,159.0,167.9,223.4,154.2,191.2
189,5,0,0.397,709.4,102.5,725.1,153.7,717.3,128.1
189,12,0,0.833,646.1,228.0,689.5,320.2,667.8,274.1
189,4,0,0.622,684.2,100.0,700.2,152.1,692.2,126.0
189,9,0,0.677,542.9,137.1,576.4,210.8,559.6,174.0
189,1,0,0.788,545.1,237.9,594.9,333.5,570.0,285.7
189,13,0,0.745,279.2,202.3,315.6,285.3,297.4,243.8
190,15,0,0.728,137.7,157.8,163.4,223.1,150.5,190.4
190,5,0,0.284,709.6,103.3,725.3,153.3,717.5,128.3
190,12,0,0.867,648.7,229.5,693.8,323.4,671.3,276.4
190,4,0,0.469,684.2,99.8,700.7,152.5,692.4,126.1
190,9,0,0.766,539.1,137.0,569.6,211.3,554.4,174.1
190,1,0,0.783,547.7,241.1,601.0,336.9,574.3,289.0
190,13,0,0.737,268.9,200.9,310.7,284.0,289.8,242.4
191,15,0,0.615,132.4,156.3,161.3,222.3,146.9,189.3
191,5,0,0.271,709.5,103.7,725.3,153.1,717.4,128.4
191,12,0,0.872,652.3,230.7,696.5,324.2,674.4,277.4
191,4,0,0.466,684.5,99.1,701.4,152.6,692.9,125.8
191,9,0,0.775,535.1,137.3,564.7,212.1,549.9,174.7
191,1,0,0.846,552.4,243.5,604.9,339.9,578.7,291.7
191,13,0,0.721,260.7,202.1,304.4,281.8,282.6,241.9
192,15,0,0.678,126.4,156.4,156.6,221.8,141.5,189.1
192,5,0,0.472,707.5,104.1,724.7,152.1,716.1,128.1
192,12,0,0.805,660.3,233.5,702.2,327.3,681.2,280.4
192,4,0,0.735,682.3,97.3,702.5,152.3,692.4,124.8
192,9,0,0.73,527.4,140.0,558.0,212.7,542.7,176.3
192,1,0,0.822,564.2,245.2,602.2,343.5,583.2,294.3
192,13,0,0.712,260.3,202.7,295.0,278.6,277.7,240.7
193,15,0,0.625,119.9,155.6,148.3,221.0,134.1,188.3
193,5,0,0.521,706.7,104.2,724.4,151.9,715.6,128.1
193,12,0,0.8,668.6,235.3,706.8,329.0,687.7,282.2
193,4,0,0.762,681.4,97.1,702.8,152.0,692.1,124.6
193,9,0,0.774,523.7,140.3,554.2,214.4,539.0,177.3
193,1,0,0.772,570.7,248.4,601.8,345.7,586.3,297.1
193,13,0,0.714,257.3,200.6,290.9,276.9,274.1,238.7
194,15,0,0.644,114.3,153.9,141.9,219.7,128.1,186.8
194,5,0,0.524,706.6,103.9,724.1,152.3,715.3,128.1
194,12,0,0.808,674.8,238.5,710.9,331.7,692.8,285.1
194,4,0,0.766,680.9,96.6,702.8,151.7,691.9,124.2
194,9,0,0.746,522.2,141.4,546.9,215.1,534.5,178.2
194,1,0,0.804,574.2,250.9,606.2,349.8,590.2,300.3
194,13,0,0.808,254.7,198.2,289.5,276.4,272.1,237.3
195,15,0,0.64,106.6,155.3,135.0,219.2,120.8,187.2
195,5,0,0.499,707.0,104.0,723.9,152.9,715.5,128.5
195,12,0,0.82,678.2,242.9,718.3,335.8,698.2,289.4
195,4,0,0.719,680.0,95.1,703.3,151.8,691.6,123.5
195,9,0,0.757,516.2,142.2,538.5,216.1,527.3,179.2
195,1,0,0.83,582.4,253.4,620.3,352.9,601.3,303.2
195,13,0,0.731,247.4,195.5,277.7,273.2,262.6,234.3
196,15,0,0.734,102.2,154.7,129.8,218.9,116.0,186.8
196,5,0,0.526,707.2,104.5,724.1,153.4,715.7,129.0
196,12,0,0.785,682.6,243.2,724.0,338.5,703.3,290.8
196,4,0,0.692,679.9,95.3,703.0,151.9,691.5,123.6
196,9,0,0.756,509.8,143.1,534.8,217.9,522.3,180.5
196,1,0,0.812,588.2,254.9,630.9,357.4,609.5,306.1
196,13,0,0.777,235.9,195.3,269.9,271.6,252.9,233.5
197,15,0,0.689,98.4,154.8,123.3,217.6,110.9,186.2
197,5,0,0.596,707.3,105.5,724.4,154.0,715.8,129.8
197,12,0,0.851,689.3,245.4,728.6,339.4,708.9,292.4
197,4,0,0.679,679.7,95.3,702.8,152.0,691.2,123.7
197,9,0,0.77,504.5,144.4,533.8,218.9,519.2,181.7
197,1,0,0.832,591.7,257.9,639.9,361.3,615.8,309.6
197,13,0,0.702,226.5,194.1,264.3,271.6,245.4,232.8
198,15,0,0.718,89.6,152.3,119.1,217.5,104.3,184.9
198,5,0,0.72,706.3,105.0,724.3,153.8,715.3,129.4
198,12,0,0.782,695.2,246.8,736.1,345.4,715.7,296.1
198,4,0,0.701,679.1,95.9,701.1,152.1,690.1,124.0
198,9,0,0.776,497.8,143.8,526.3,220.3,512.1,182.0
198,1,0,0.801,602.3,262.0,646.3,365.7,624.3,313.9
198,13,0,0.818,221.1,190.7,256.6,269.5,238.9,230.1
199,15,0,0.652,85.2,152.5,115.4,216.3,100.3,184.4
199,5,0,0.691,705.0,105.6,723.6,153.9,714.3,129.7
199,12,0,0.808,699.0,251.1,740.9,351.7,719.9,301.4
199,4,0,0.695,678.0,96.2,699.7,153.0,688.9,124.6
199,9,0,0.821,492.3,143.6,521.5,220.7,506.9,182.2
199,1,0,0.833,610.8,262.9,646.0,366.7,628.4,314.8
199,13,0,0.751,221.0,189.8,250.7,267.2,235.8,228.5
200,15,0,0.662,80.5,151.6,109.8,216.4,95.2,184.0
200,5,0,0.613,703.0,106.2,722.8,154.6,712.9,130.4
200,12,0,0.816,703.6,254.7,744.2,353.7,723.9,304.2
200,4,0,0.717,677.0,96.8,698.5,154.3,687.7,125.5
200,9,0,0.766,486.8,144.3,516.7,222.4,501.8,183.4
200,1,0,0.791,616.7,264.5,650.9,369.2,633.8,316.8
200,13,0,0.751,218.1,189.1,249.0,267.0,233.6,228.1
201,15,0,0.676,73.5,151.6,101.2,214.8,87.3,183.2
201,5,0,0.742,700.7,106.7,720.9,154.9,710.8,130.8
201,12,0,0.747,712.5,256.4,748.6,353.9,730.5,305.1
201,4,0,0.777,676.2,98.1,697.5,155.2,686.9,126.7
201,9,0,0.759,480.8,147.2,510.7,224.6,495.7,185.9
201,1,0,0.774,623.2,268.7,661.2,374.4,642.2,321.5
201,13,0,0.772,211.6,188.6,243.5,265.4,227.5,227.0
202,15,0,0.629,68.2,152.0,96.0,213.9,82.1,183.0
202,5,0,0.77,699.7,106.8,719.1,154.6,709.4,130.7
202,12,0,0.68,716.9,257.5,753.0,357.5,734.9,307.5
202,4,0,0.797,675.4,98.0,697.5,156.0,686.5,127.0
202,9,0,0.727,476.0,148.5,503.6,225.0,489.8,186.8
202,1,0,0.841,629.4,273.0,672.7,377.4,651.0,325.2
202,13,0,0.754,204.8,188.1,235.3,263.7,220.0,225.9
203,15,0,0.69,64.4,152.3,91.0,214.9,77.7,183.6
203,5,0,0.675,697.8,107.5,716.9,155.0,707.3,131.2
203,12,0,0.724,718.6,259.9,758.3,360.9,738.5,310.4
203,4,0,0.777,674.3,99.1,696.7,155.8,685.5,127.4
203,9,0,0.744,471.6,147.7,494.9,224.6,483.3,186.2
203,1,0,0.836,632.6,275.0,681.6,378.5,657.1,326.8
203,13,0,0.751,195.2,186.1,228.4,262.2,211.8,224.2
204,15,0,0.609,59.0,151.7,84.6,213.1,71.8,182.4
204,5,0,0.669,695.6,108.0,715.8,154.9,705.7,131.5
204,12,0,0.676,723.8,261.2,765.0,365.1,744.4,313.1
204,4,0,0.785,673.4,100.5,694.9,155.3,684.1,127.9
204,9,0,0.786,460.7,149.3,488.1,225.7,474.4,187.5
204,1,0,0.818,637.0,279.4,690.1,381.1,663.5,330.3
204,13,0,0.777,186.9,186.5,222.3,259.9,204.6,223.2
205,15,0,0.66,52.6,150.2,82.0,212.4,67.3,181.3
205,5,0,0.691,694.8,108.6,715.2,155.3,705.0,131.9
205,12,0,0.744,729.6,261.8,768.0,367.6,748.8,314.7
205,4,0,0.822,672.5,101.5,693.4,155.0,683.0,128.3
205,9,0,0.79,452.8,150.1,486.9,227.4,469.9,188.8
205,1,0,0.833,641.4,282.5,694.6,388.9,668.0,335.7
205,13,0,0.726,182.8,186.6,214.5,259.3,198.6,222.9
206,15,0,0.661,49.2,151.1,76.4,211.4,62.8,181.2
206,5,0,0.669,694.9,109.9,715.0,155.5,704.9,132.7
206,12,0,0.779,734.3,265.0,768.0,371.3,751.1,318.1
206,4,0,0.84,670.8,101.9,692.8,155.3,681.8,128.6
206,9,0,0.767,448.8,150.5,485.4,228.3,467.1,189.4
206,1,0,0.828,645.5,285.1,696.4,395.2,670.9,340.1
206,13,0,0.73,181.9,185.0,208.7,259.4,195.3,222.2
207,15,0,0.702,42.0,149.7,68.7,210.5,55.3,180.1
207,5,0,0.657,694.9,110.9,714.7,156.5,704.8,133.7
207,12,0,0.72,739.5,268.6,768.0,378.4,753.7,323.5
207,4,0,0.806,668.0,101.5,691.7,156.1,679.9,128.8
207,9,0,0.713,443.5,151.8,473.3,228.0,458.4,189.9
207,1,0,0.861,651.7,287.2,696.5,395.7,674.1,341.4
207,13,0,0.614,167.5,184.2,206.7,260.8,187.1,222.5
208,15,0,0.742,37.1,148.3,64.1,210.1,50.6,179.2
208,5,0,0.678,695.3,111.8,714.3,156.6,704.8,134.2
208,12,0,0.567,744.3,271.8,768.0,383.6,756.1,327.7
208,4,0,0.722,666.0,103.0,689.9,156.8,678.0,129.9
208,9,0,0.525,436.6,147.4,466.9,230.1,451.8,188.8
208,1,0,0.842,654.1,289.9,699.2,398.1,676.7,344.0
208,13,0,0.664,162.7,183.5,203.4,261.9,183.0,222.7
209,15,0,0.69,33.1,148.7,61.6,210.0,47.4,179.3
209,5,0,0.674,695.5,112.1,714.0,156.8,704.7,134.5
209,12,0,0.548,750.3,276.9,768.0,382.8,759.1,329.9
209,4,0,0.71,665.2,102.5,687.8,157.0,676.5,129.7
209,9,0,0.525,432.2,146.9,463.9,224.7,448.0,185.8
209,1,0,0.833,654.8,292.1,704.1,400.7,679.4,346.4
209,13,0,0.548,161.6,183.5,195.2,263.5,178.4,223.5
210,15,0,0.708,27.8,147.2,54.4,207.9,41.1,177.6
210,5,0,0.712,694.5,111.2,712.9,158.2,703.7,134.7
210,4,0,0.794,663.7,102.8,685.9,157.2,674.8,130.0
210,1,0,0.816,654.4,294.9,706.6,405.9,680.5,350.4
210,13,0,0.744,153.4,183.5,184.3,257.4,168.9,220.4
211,15,0,0.749,24.2,146.5,50.0,207.4,37.1,176.9
211,5,0,0.715,693.1,110.8,712.0,158.9,702.5,134.9
211,4,0,0.801,663.2,103.3,685.1,157.5,674.1,130.4
211,1,0,0.828,654.2,295.6,700.9,406.6,677.6,351.1
211,13,0,0.68,147.3,182.9,180.5,254.3,163.9,218.6
212,15,0,0.725,20.8,147.7,45.4,206.7,33.1,177.2
212,5,0,0.743,691.6,110.9,710.9,160.2,701.2,135.6
212,4,0,0.8,662.9,103.6,684.6,158.8,673.7,131.2
212,1,0,0.8,651.6,296.6,694.3,411.3,673.0,354.0
212,13,0,0.632,142.8,182.7,175.4,253.1,159.1,217.9
213,15,0,0.718,14.7,147.8,40.3,206.1,27.5,176.9
213,5,0,0.776,689.7,112.5,709.0,159.9,699.4,136.2
213,4,0,0.79,662.4,103.5,684.1,159.8,673.2,131.6
213,1,0,0.763,642.7,298.1,687.0,413.6,664.9,355.8
213,13,0,0.789,135.8,181.6,169.3,252.3,152.6,217.0
214,15,0,0.749,10.0,147.3,35.1,205.7,22.6,176.5
214,5,0,0.764,688.3,113.1,707.3,159.9,697.8,136.5
214,4,0,0.781,662.2,104.1,683.3,160.2,672.7,132.2
214,1,0,0.771,638.3,298.3,682.3,413.8,660.3,356.1
214,13,0,0.768,128.7,182.4,166.0,253.7,147.3,218.1
214,9,0,0.536,395.1,156.5,427.4,235.9,411.3,196.2
215,15,0,0.686,5.5,147.9,31.3,205.4,18.4,176.7
215,5,0,0.707,687.2,113.6,705.7,160.0,696.5,136.8
215,4,0,0.77,662.1,104.7,683.5,160.1,672.8,132.4
215,1,0,0.791,634.8,299.0,674.2,414.2,654.5,356.6
215,13,0,0.826,123.1,182.1,161.2,253.9,142.2,218.0
215,9,0,0.461,394.5,158.9,421.0,237.0,407.8,197.9
216,15,0,0.675,0.5,147.5,28.3,204.5,14.4,176.0
216,5,0,0.722,685.5,113.6,704.1,161.4,694.8,137.5
216,4,0,0.771,661.7,105.9,683.1,160.7,672.4,133.3
216,1,0,0.886,627.7,299.0,664.5,415.7,646.1,357.4
216,13,0,0.714,120.0,181.9,152.1,253.0,136.1,217.5
216,9,0,0.663,391.3,158.8,417.7,237.6,404.5,198.2
217,15,0,0.616,0.0,146.2,24.9,203.9,12.4,175.0
217,5,0,0.746,684.5,113.5,703.3,164.0,693.9,138.8
217,4,0,0.779,661.3,107.2,682.6,161.2,672.0,134.2
217,1,0,0.803,616.0,298.9,660.5,415.7,638.2,357.3
217,13,0,0.802,115.7,182.4,142.3,253.9,129.0,218.2
217,9,0,0.542,387.1,159.9,411.8,237.1,399.4,198.5
218,15,0,0.541,0.0,144.1,20.1,203.0,10.0,173.5
218,5,0,0.687,681.6,114.1,702.1,165.2,691.8,139.7
218,4,0,0.792,660.3,108.2,681.7,162.9,671.0,135.5
218,1,0,0.817,605.4,299.5,654.7,413.6,630.0,356.6
218,13,0,0.715,103.5,181.0,137.4,252.4,120.5,216.7
218,9,0,0.689,372.7,160.8,406.6,239.8,389.6,200.3
219,15,0,0.541,0.0,147.2,17.5,202.1,8.8,174.6
219,5,0,0.732,680.5,114.3,701.0,165.4,690.8,139.9
219,4,0,0.807,659.5,108.4,680.7,163.5,670.1,135.9
219,1,0,0.794,598.7,298.2,644.2,411.9,621.5,355.1
219,13,0,0.767,96.6,180.6,133.1,251.8,114.8,216.2
219,9,0,0.641,366.4,160.5,404.4,240.1,385.4,200.3
220,15,0,0.45,0.0,148.2,15.1,200.8,7.6,174.5
220,5,0,0.753,680.1,114.7,700.2,165.4,690.2,140.0
220,4,0,0.836,658.1,108.4,679.9,163.9,669.0,136.1
220,1,0,0.847,586.6,295.8,630.2,411.5,608.4,353.7
220,13,0,0.757,94.4,181.3,125.8,250.2,110.1,215.8
220,9,0,0.692,363.3,161.8,400.3,240.4,381.8,201.1
220,17,0,0.746,741.3,238.0,767.5,323.9,754.4,281.0
221,15,0,0.379,0.0,153.0,9.7,200.1,4.8,176.5
221,5,0,0.791,679.4,115.2,699.8,165.9,689.6,140.5
221,4,0,0.863,656.4,108.2,679.3,163.8,667.9,136.0
221,1,0,0.857,571.1,295.2,621.3,410.6,596.2,352.9
221,13,0,0.745,91.7,181.0,119.0,251.3,105.3,216.2
221,9,0,0.645,359.7,160.9,389.3,239.6,374.5,200.3
221,17,0,0.797,737.1,236.4,767.1,322.7,752.1,279.6
222,5,0,0.758,678.6,116.5,700.3,166.8,689.5,141.6
222,4,0,0.832,655.6,108.6,678.4,164.6,667.0,136.6
222,1,0,0.851,559.5,292.3,611.1,407.6,585.3,350.0
222,13,0,0.744,80.9,180.6,116.3,250.8,98.6,215.7
222,9,0,0.738,347.2,160.4,381.8,240.3,364.5,200.4
222,17,0,0.758,722.4,235.1,760.9,321.6,741.6,278.4
223,5,0,0.745,677.7,117.4,700.1,168.4,688.9,142.9
223,4,0,0.816,654.8,108.8,677.1,165.0,666.0,136.9
223,1,0,0.906,553.7,289.8,600.4,403.6,577.0,346.7
223,13,0,0.693,77.2,181.7,110.1,250.3,93.7,216.0
223,9,0,0.855,338.1,162.2,378.6,241.2,358.4,201.7
223,17,0,0.782,716.7,232.3,755.5,319.6,736.1,275.9
224,5,0,0.736,677.0,118.2,699.7,169.0,688.4,143.6
224,4,0,0.78,653.5,108.8,676.6,167.0,665.0,137.9
224,1,0,0.853,552.9,287.1,591.1,401.2,572.0,344.2
224,13,0,0.617,76.0,180.3,103.5,249.7,89.8,215.0
224,9,0,0.734,332.2,162.4,375.9,241.3,354.0,201.9
224,17,0,0.812,712.1,230.1,748.1,315.4,730.1,272.8
225,5,0,0.81,675.6,118.4,696.8,169.0,686.2,143.7
225,4,0,0.837,651.8,108.4,676.0,168.2,663.9,138.3
225,1,0,0.763,539.2,285.0,579.9,397.4,559.6,341.2
225,13,0,0.739,65.7,181.5,95.7,249.7,80.7,215.6
225,9,0,0.693,326.1,162.0,358.9,239.4,342.5,200.7
225,17,0,0.791,703.4,227.2,737.5,312.7,720.4,269.9
226,5,0,0.776,673.9,118.3,694.6,169.9,684.3,144.1
226,4,0,0.855,650.8,107.9,675.6,168.7,663.2,138.3
226,1,0,0.816,533.7,282.4,575.2,395.4,554.5,338.9
226,13,0,0.768,59.7,180.8,91.5,249.2,75.6,215.0
226,9,0,0.693,320.1,161.3,349.6,239.9,334.9,200.6
226,17,0,0.763,695.8,225.3,730.3,311.6,713.0,268.5
227,5,0,0.755,673.3,118.4,693.6,170.8,683.5,144.6
227,4,0,0.852,650.0,108.0,675.5,169.2,662.7,138.6
227,1,0,0.855,522.8,280.1,567.5,391.3,545.1,335.7
227,13,0,0.747,56.8,180.5,84.1,246.1,70.4,213.3
227,9,0,0.808,308.9,161.5,347.1,240.6,328.0,201.1
227,17,0,0.649,691.2,221.6,724.2,308.8,707.7,265.2
228,5,0,0.763,672.8,118.5,692.9,171.6,682.9,145.0
228,4,0,0.873,648.7,107.9,674.8,169.6,661.7,138.7
228,1,0,0.828,507.9,278.1,558.1,387.2,533.0,332.6
228,13,0,0.721,51.8,180.1,79.7,245.9,65.8,213.0
228,9,0,0.788,303.1,162.2,345.0,240.9,324.0,201.5
228,17,0,0.739,686.8,217.9,717.7,304.7,702.2,261.3
229,5,0,0.708,671.7,119.4,692.1,172.7,681.9,146.1
229,4,0,0.857,647.3,110.1,672.7,170.8,660.0,140.5
229,1,0,0.843,500.0,275.9,550.7,385.7,525.3,330.8
229,13,0,0.744,48.8,179.2,77.8,246.1,63.3,212.6
229,9,0,0.671,296.0,161.1,333.8,239.9,314.9,200.5
229,17,0,0.827,674.2,216.8,710.4,300.6,692.3,258.7
229,18,0,0.741,725.7,288.4,767.5,402.4,746.6,345.4
230,5,0,0.71,670.6,120.4,691.4,173.2,681.0,146.8
230,4,0,0.833,646.5,111.3,670.6,171.2,658.5,141.2
230,1,0,0.819,497.0,272.0,545.0,384.3,521.0,328.1
230,13,0,0.747,45.0,178.5,73.4,245.3,59.2,211.9
230,9,0,0.759,289.3,160.4,322.4,239.4,305.8,199.9
230,17,0,0.812,669.2,215.7,705.1,298.5,687.2,257.1
230,18,0,0.792,722.9,288.2,767.2,401.5,745.1,344.8
231,5,0,0.747,669.8,121.2,690.2,173.4,680.0,147.3
231,4,0,0.85,645.7,113.2,668.7,171.8,657.2,142.5
231,1,0,0.815,497.2,269.0,538.0,380.4,517.6,324.7
231,13,0,0.725,42.8,178.2,69.0,244.7,55.9,211.5
231,9,0,0.698,281.4,160.3,315.8,238.4,298.6,199.4
231,17,0,0.804,665.0,214.9,699.8,296.7,682.4,255.8
231,18,0,0.792,720.9,286.8,767.0,398.5,744.0,342.7
232,5,0,0.694,669.9,121.6,689.4,173.4,679.7,147.5
232,4,0,0.806,644.5,112.5,667.1,172.7,655.8,142.6
232,1,0,0.822,493.7,266.5,529.8,375.9,511.7,321.2
232,13,0,0.758,38.2,175.7,63.8,244.4,51.0,210.1
232,9,0,0.748,275.0,159.9,314.1,238.9,294.6,199.4
232,17,0,0.796,659.0,212.6,690.0,293.8,674.5,253.2
232,18,0,0.854,710.9,283.5,754.2,394.6,732.5,339.1
233,5,0,0.704,668.9,122.3,689.0,173.9,679.0,148.1
233,4,0,0.811,643.5,112.5,665.9,173.2,654.7,142.9
233,1,0,0.8,487.2,265.1,524.4,372.0,505.8,318.6
233,13,0,0.739,36.5,175.3,61.9,244.4,49.2,209.9
233,9,0,0.648,271.2,160.6,303.6,238.2,287.4,199.4
233,17,0,0.793,651.9,212.0,682.6,292.4,667.2,252.2
233,18,0,0.833,704.3,282.2,745.1,393.3,724.7,337.7
234,5,0,0.706,668.8,123.6,688.7,174.2,678.7,148.9
234,4,0,0.768,642.8,113.1,665.5,173.5,654.2,143.3
234,1,0,0.832,481.7,263.5,521.3,370.1,501.5,316.8
234,13,0,0.726,36.3,176.0,61.1,244.7,48.7,210.4
234,9,0,0.737,268.8,159.8,296.9,237.5,282.8,198.6
234,17,0,0.774,646.1,211.0,677.2,290.6,661.6,250.8
234,18,0,0.807,697.4,281.5,739.6,391.0,718.5,336.3
235,5,0,0.713,668.2,123.3,687.9,175.0,678.1,149.2
235,4,0,0.795,642.0,114.5,666.2,174.7,654.1,144.6
235,1,0,0.823,467.4,259.5,511.9,367.1,489.7,313.3
235,13,0,0.698,36.6,176.0,61.4,244.6,49.0,210.3
235,9,0,0.797,257.1,158.4,289.9,236.7,273.5,197.5
235,17,0,0.767,639.4,207.0,667.0,286.7,653.2,246.9
235,18,0,0.852,690.6,277.5,729.3,385.6,709.9,331.6
236,5,0,0.677,667.3,121.6,687.3,175.6,677.3,148.6
236,4,0,0.748,641.6,115.1,666.3,174.7,654.0,144.9
236,1,0,0.801,458.6,257.4,505.0,365.0,481.8,311.2
236,13,0,0.714,36.5,175.5,61.6,244.5,49.1,210.0
236,9,0,0.789,250.9,159.3,287.4,236.8,269.2,198.1
236,17,0,0.809,633.1,204.7,661.6,284.6,647.4,244.7
236,18,0,0.833,684.4,275.3,721.3,381.8,702.9,328.6
237,5,0,0.656,665.7,120.6,686.6,175.3,676.1,147.9
237,4,0,0.732,641.5,115.2,665.9,175.1,653.7,145.1
237,1,0,0.811,453.4,255.8,499.8,362.9,476.6,309.4
237,13,0,0.694,36.6,175.6,61.5,244.3,49.0,210.0
237,9,0,0.722,248.5,157.9,285.3,236.5,266.9,197.2
237,17,0,0.846,623.7,204.1,656.8,283.1,640.2,243.6
237,18,0,0.769,680.3,273.6,715.1,379.8,697.7,326.7
238,5,0,0.677,663.4,120.3,685.7,176.3,674.6,148.3
238,4,0,0.716,641.7,115.1,666.0,175.2,653.9,145.2
238,1,0,0.888,449.6,254.7,493.6,358.3,471.6,306.5
238,13,0,0.691,36.8,175.8,61.8,244.4,49.3,210.1
238,9,0,0.739,244.6,157.6,279.1,235.2,261.8,196.4
238,17,0,0.781,618.8,203.6,653.1,281.9,636.0,242.7
238,18,0,0.741,667.6,272.3,710.3,379.4,689.0,325.8
239,5,0,0.686,662.9,120.3,685.1,177.3,674.0,148.8
239,4,0,0.732,641.3,114.9,666.2,175.7,653.8,145.3
239,1,0,0.842,447.7,251.7,487.0,354.4,467.4,303.0
239,13,0,0.704,37.0,175.8,62.0,244.4,49.5,210.1
239,9,0,0.775,240.7,156.6,272.6,233.7,256.6,195.2
239,17,0,0.732,615.5,201.6,648.5,280.9,632.0,241.2
239,18,0,0.805,659.1,272.0,706.9,378.1,683.0,325.1
240,5,0,0.69,662.7,120.3,685.2,178.8,674.0,149.5
240,4,0,0.735,640.9,115.9,666.0,176.4,653.5,146.2
240,1,0,0.83,446.5,249.9,481.7,351.3,464.1,300.6
240,13,0,0.717,37.1,175.6,62.3,244.6,49.7,210.1
240,9,0,0.753,234.3,155.9,266.6,233.5,250.4,194.7
240,17,0,0.802,611.9,200.8,641.6,278.9,626.7,239.9
240,18,0,0.833,656.0,271.0,705.8,377.6,680.9,324.3
241,5,0,0.706,664.9,121.9,685.7,179.7,675.3,150.8
241,4,0,0.624,640.0,118.1,664.8,177.8,652.4,147.9
241,1,0,0.83,439.1,248.3,474.6,347.7,456.8,298.0
241,13,0,0.736,37.3,175.6,62.5,244.7,49.9,210.1
241,9,0,0.838,228.8,155.2,262.4,234.0,245.6,194.6
241,17,0,0.78,603.8,199.5,633.0,277.8,618.4,238.7
241,18,0,0.818,650.7,267.9,693.7,373.5,672.2,320.7
242,5,0,0.689,666.6,123.6,686.0,180.3,676.3,151.9
242,4,0,0.596,637.9,119.0,663.2,178.5,650.6,148.7
242,1,0,0.844,432.4,245.0,470.5,346.4,451.5,295.7
242,13,0,0.724,37.4,175.8,62.6,244.6,50.0,210.2
242,9,0,0.803,226.0,154.8,258.1,233.8,242.0,194.3
242,17,0,0.734,597.4,198.5,626.8,275.4,612.1,236.9
242,18,0,0.869,644.8,265.9,685.6,371.7,665.2,318.8
243,5,0,0.715,667.1,124.5,686.0,180.7,676.6,152.6
243,4,0,0.667,636.8,119.3,661.4,178.5,649.1,148.9
243,1,0,0.788,423.3,243.1,464.3,342.5,443.8,292.8
243,13,0,0.73,37.0,175.6,62.7,244.5,49.8,210.1
243,9,0,0.824,223.9,154.2,250.2,232.4,237.1,193.3
243,17,0,0.76,593.3,196.8,620.5,272.4,606.9,234.6
243,18,0,0.827,640.0,264.0,679.8,370.4,659.9,317.2
244,5,0,0.731,667.2,124.4,686.5,180.9,676.8,152.7
244,4,0,0.736,635.6,119.5,660.3,179.5,648.0,149.5
244,1,0,0.769,411.7,242.8,459.4,340.9,435.5,291.8
244,13,0,0.748,36.6,175.4,62.8,244.5,49.7,210.0
244,9,0,0.824,221.9,153.2,244.5,231.0,233.2,192.1
244,17,0,0.752,588.4,194.8,613.8,270.3,601.1,232.6
244,18,0,0.83,635.4,262.6,675.3,370.2,655.3,316.4
245,5,0,0.692,666.7,125.6,687.1,181.7,676.9,153.7
245,4,0,0.737,634.7,119.7,659.2,180.8,647.0,150.2
245,1,0,0.826,403.0,243.0,451.0,338.1,427.0,290.6
245,13,0,0.752,36.6,175.2,62.8,244.3,49.7,209.7
245,9,0,0.71,216.3,153.3,241.6,229.4,228.9,191.4
245,17,0,0.851,575.0,192.7,608.4,268.5,591.7,230.6
245,18,0,0.855,630.5,260.1,666.5,364.2,648.5,312.2
246,5,0,0.67,665.6,126.5,687.3,182.7,676.5,154.6
246,4,0,0.767,634.4,120.1,658.2,181.1,646.3,150.6
246,1,0,0.857,398.7,243.0,444.4,332.0,421.5,287.5
246,13,0,0.76,36.8,175.5,62.8,244.3,49.8,209.9
246,9,0,0.683,210.3,153.3,239.0,228.1,224.6,190.7
246,17,0,0.812,568.8,191.5,604.3,268.0,586.5,229.7
246,18,0,0.811,626.5,257.8,660.3,361.6,643.4,309.7
247,5,0,0.645,663.8,127.6,686.9,183.2,675.4,155.4
247,4,0,0.745,634.2,120.7,657.4,181.3,645.8,151.0
247,1,0,0.799,398.5,239.8,436.5,330.9,417.5,285.3
247,13,0,0.761,37.0,175.7,62.9,244.3,49.9,210.0
247,9,0,0.766,206.6,152.8,235.2,228.0,220.9,190.4
247,17,0,0.723,565.5,190.2,598.5,266.6,582.0,228.4
247,18,0,0.767,622.6,256.7,655.5,359.5,639.0,308.1
248,5,0,0.644,663.1,128.5,685.4,183.1,674.2,155.8
248,4,0,0.755,634.1,121.3,657.0,182.5,645.5,151.9
248,1,0,0.812,398.6,235.4,429.6,329.1,414.1,282.2
248,13,0,0.751,37.0,175.6,63.0,244.3,50.0,210.0
248,9,0,0.847,202.7,151.6,232.4,226.3,217.6,188.9
248,17,0,0.777,562.0,189.5,590.3,265.6,576.2,227.6
248,18,0,0.76,610.5,256.2,652.9,357.8,631.7,307.0
249,5,0,0.651,661.9,129.6,683.9,182.6,672.9,156.1
249,4,0,0.791,633.8,121.8,656.6,184.0,645.2,152.9
249,1,0,0.751,395.3,233.7,426.4,327.5,410.8,280.6
249,13,0,0.737,37.0,175.7,62.9,244.4,49.9,210.1
249,9,0,0.78,198.1,151.1,227.5,225.3,212.8,188.2
249,17,0,0.781,557.9,189.0,584.1,264.3,571.0,226.6
249,18,0,0.841,601.2,256.2,651.4,357.2,626.3,306.7
250,5,0,0.611,659.4,129.8,680.3,183.0,669.9,156.4
250,4,0,0.735,634.3,122.3,656.9,184.3,645.6,153.3
250,1,0,0.849,378.4,231.0,421.6,325.9,400.0,278.4
250,13,0,0.744,36.8,175.3,63.1,244.6,49.9,209.9
250,9,0,0.76,191.2,151.5,222.9,225.3,207.0,188.4
250,17,0,0.711,548.5,188.2,577.1,263.2,562.8,225.7
250,18,0,0.802,597.0,255.0,644.7,355.1,620.9,305.1
251,5,0,0.639,656.7,130.3,677.1,184.9,666.9,157.6
251,4,0,0.701,634.3,122.6,656.2,185.1,645.2,153.9
251,1,0,0.774,360.6,227.9,415.0,322.2,387.8,275.1
251,13,0,0.747,36.7,175.3,63.1,244.5,49.9,209.9
251,9,0,0.797,189.7,151.7,220.2,225.0,205.0,188.3
251,17,0,0.742,543.1,186.6,569.6,262.7,556.4,224.7
251,18,0,0.796,592.0,252.4,632.1,352.9,612.1,302.6
252,5,0,0.669,653.6,129.2,675.3,187.3,664.5,158.2
252,4,0,0.765,634.0,123.4,655.8,185.1,644.9,154.3
252,1,0,0.802,354.1,225.8,409.4,321.0,381.7,273.4
252,13,0,0.766,36.5,175.4,63.2,244.6,49.9,210.0
252,9,0,0.763,188.3,151.2,215.7,224.3,202.0,187.8
252,17,0,0.794,538.0,185.3,562.1,260.8,550.0,223.1
252,18,0,0.867,586.0,251.4,622.9,352.8,604.5,302.1
253,5,0,0.744,651.4,130.1,673.7,189.5,662.5,159.8
253,4,0,0.804,632.8,123.5,654.5,185.3,643.7,154.4
253,1,0,0.819,343.7,224.5,402.9,318.9,373.3,271.7
253,13,0,0.772,36.2,175.4,63.4,244.9,49.8,210.2
253,9,0,0.744,185.7,150.4,209.3,221.3,197.5,185.8
253,17,0,0.824,523.6,184.5,556.2,258.7,539.9,221.6
253,18,0,0.842,576.4,250.7,616.5,352.4,596.4,301.5
254,5,0,0.757,650.3,130.9,672.5,190.4,661.4,160.7
254,4,0,0.814,631.6,123.3,653.6,186.0,642.6,154.7
254,1,0,0.771,341.1,222.7,398.2,317.6,369.6,270.2
254,13,0,0.781,36.2,175.6,63.5,245.0,49.9,210.3
254,9,0,0.791,182.0,149.1,206.8,220.7,194.4,184.9
254,17,0,0.821,518.1,184.5,552.4,257.4,535.3,221.0
254,18,0,0.845,572.5,250.9,611.9,351.6,592.2,301.2
255,5,0,0.719,649.6,131.2,671.3,190.3,660.4,160.8
255,4,0,0.765,630.3,123.4,652.6,186.2,641.5,154.8
255,1,0,0.895,342.7,219.1,394.1,315.9,368.4,267.5
255,13,0,0.772,36.4,175.9,63.4,244.9,49.9,210.4
255,9,0,0.738,179.3,149.5,204.6,220.9,192.0,185.2
255,17,0,0.756,515.4,183.8,546.1,256.4,530.7,220.1
255,18,0,0.85,567.9,248.7,603.8,350.3,585.9,299.5
256,5,0,0.713,648.5,132.0,669.9,189.6,659.2,160.8
256,4,0,0.748,628.4,123.4,652.3,187.0,640.3,155.2
256,1,0,0.869,348.7,218.0,389.8,313.0,369.3,265.5
256,13,0,0.772,36.5,175.8,63.4,244.9,50.0,210.3
256,9,0,0.765,175.7,149.8,201.3,219.7,188.5,184.8
256,17,0,0.816,512.1,181.9,539.0,255.3,525.6,218.6
256,18,0,0.815,563.9,247.0,596.7,346.2,580.3,296.6
257,5,0,0.665,647.3,132.6,668.5,189.8,657.9,161.2
257,4,0,0.699,625.6,123.5,649.8,188.0,637.7,155.8
257,1,0,0.84,346.6,217.1,385.0,311.6,365.8,264.3
257,13,0,0.766,37.0,175.8,63.5,244.9,50.3,210.4
257,9,0,0.76,169.9,149.3,198.0,219.4,183.9,184.3
257,17,0,0.828,503.8,181.5,530.9,254.9,517.4,218.2
257,18,0,0.815,548.5,245.7,590.9,344.1,569.7,294.9
258,5,0,0.654,646.1,132.6,667.7,190.5,656.9,161.6
258,4,0,0.735,623.2,124.4,648.1,188.8,635.6,156.6
258,1,0,0.818,342.1,216.7,380.9,308.5,361.5,262.6
258,13,0,0.764,37.2,175.7,63.5,245.0,50.3,210.3
258,9,0,0.747,165.8,148.3,193.6,218.9,179.7,183.6
258,17,0,0.758,497.4,179.9,526.7,254.0,512.0,216.9
258,18,0,0.82,540.5,244.6,588.1,343.4,564.3,294.0
259,5,0,0.599,645.1,133.4,666.3,191.0,655.7,162.2
259,4,0,0.723,621.9,124.6,647.0,189.6,634.5,157.1
259,1,0,0.829,332.6,215.3,374.3,305.1,353.4,260.2
259,13,0,0.754,37.3,175.9,63.5,244.9,50.4,210.4
259,9,0,0.777,163.2,148.3,191.2,218.2,177.2,183.3
259,17,0,0.721,492.5,178.1,520.4,252.5,506.5,215.3
259,18,0,0.777,537.8,244.5,586.2,341.8,562.0,293.2
260,5,0,0.606,641.8,133.8,663.5,192.1,652.6,163.0
260,4,0,0.646,620.8,126.1,644.5,190.7,632.7,158.4
260,1,0,0.83,323.8,213.8,366.2,302.0,345.0,257.9
260,13,0,0.758,36.5,176.1,63.4,245.0,50.0,210.5
260,9,0,0.776,160.2,148.5,186.1,217.7,173.1,183.1
260,17,0,0.806,485.1,176.2,511.7,249.6,498.4,212.9
260,18,0,0.77,531.7,243.5,571.8,340.7,551.7,292.1
261,5,0,0.705,639.4,133.8,660.9,192.7,650.2,163.3
261,4,0,0.669,618.9,126.7,642.5,192.1,630.7,159.4
261,1,0,0.841,316.6,211.5,360.6,299.2,338.6,255.3
261,13,0,0.757,35.9,175.9,63.3,244.9,49.6,210.4
261,9,0,0.684,158.0,146.7,181.8,216.4,169.9,181.5
261,17,0,0.825,474.6,176.1,507.2,249.0,490.9,212.5
261,18,0,0.815,526.9,242.7,560.5,339.4,543.7,291.1
262,5,0,0.661,636.9,134.8,658.7,194.5,647.8,164.6
262,4,0,0.515,616.0,126.2,639.5,189.5,627.7,157.9
262,1,0,0.819,316.2,208.9,350.8,296.0,333.5,252.5
262,13,0,0.737,35.3,175.4,63.2,244.9,49.2,210.1
262,9,0,0.716,155.6,144.9,177.0,214.4,166.3,179.7
262,17,0,0.762,469.4,175.6,500.2,247.2,484.8,211.4
262,18,0,0.807,514.4,241.7,554.1,339.1,534.3,290.4
263,5,0,0.666,634.8,135.5,657.3,196.9,646.1,166.2
263,4,0,0.507,614.6,125.8,637.5,190.4,626.1,158.1
263,1,0,0.807,315.2,207.5,344.7,293.0,330.0,250.3
263,13,0,0.723,34.6,174.9,63.2,244.8,48.9,209.9
263,9,0,0.661,152.0,144.8,174.5,213.3,163.2,179.1
263,17,0,0.762,465.5,174.8,492.4,245.6,479.0,210.2
263,18,0,0.824,507.7,242.0,551.1,339.2,529.4,290.6
264,5,0,0.657,634.2,135.4,656.6,197.6,645.4,166.5
264,4,0,0.63,613.7,127.9,635.4,192.2,624.6,160.0
264,1,0,0.816,310.7,205.9,341.6,292.2,326.2,249.1
264,13,0,0.736,33.9,174.7,63.1,245.1,48.5,209.9
264,9,0,0.735,148.5,145.6,172.6,212.8,160.6,179.2
264,17,0,0.799,460.6,173.9,485.3,244.9,473.0,209.4
264,18,0,0.756,504.3,240.3,545.9,339.2,525.1,289.7
265,5,0,0.64,633.9,136.1,656.3,198.9,645.1,167.5
265,4,0,0.738,611.3,129.7,633.8,193.5,622.6,161.6
265,1,0,0.83,307.3,205.5,339.8,291.8,323.6,248.7
265,13,0,0.738,33.6,174.9,62.9,245.2,48.3,210.1
265,9,0,0.659,145.5,145.9,169.8,212.6,157.6,179.2
265,17,0,0.793,456.1,173.8,482.1,244.0,469.1,208.9
265,18,0,0.69,500.9,238.8,536.0,337.3,518.5,288.1
266,5,0,0.713,633.7,137.7,656.4,199.5,645.1,168.6
266,4,0,0.775,608.8,132.2,632.6,195.2,620.7,163.7
266,1,0,0.794,292.6,203.7,331.6,287.5,312.1,245.6
266,13,0,0.749,33.2,175.1,62.2,243.8,47.7,209.5
266,9,0,0.676,140.5,144.4,164.7,211.5,152.6,178.0
266,17,0,0.748,448.2,173.3,473.7,243.2,460.9,208.3
266,18,0,0.732,493.1,237.3,525.7,335.1,509.4,286.2
267,5,0,0.725,633.5,139.4,656.2,199.5,644.8,169.4
267,4,0,0.839,605.7,133.3,630.8,196.2,618.2,164.8
267,1,0,0.755,286.6,200.8,326.7,285.8,306.7,243.3
267,13,0,0.743,33.1,175.1,61.9,243.3,47.5,209.2
267,9,0,0.724,136.2,143.7,160.5,211.5,148.4,177.6
267,17,0,0.735,442.4,172.5,466.2,241.9,454.3,207.2
267,18,0,0.794,481.3,239.5,521.1,334.1,501.2,286.8
268,5,0,0.741,633.6,140.0,656.3,199.7,645.0,169.8
268,4,0,0.838,603.0,133.2,629.4,196.4,616.2,164.8
268,1,0,0.802,284.3,199.4,323.2,286.4,303.7,242.9
268,13,0,0.741,33.1,175.3,61.0,243.3,47.0,209.3
268,9,0,0.726,133.5,144.2,158.1,211.1,145.8,177.7
268,17,0,0.748,439.8,171.1,461.9,241.0,450.8,206.1
268,18,0,0.82,474.9,237.7,520.0,333.5,497.4,285.6
269,5,0,0.727,633.5,139.5,656.5,200.2,645.0,169.8
269,4,0,0.766,599.7,131.6,627.9,197.3,613.8,164.5
269,1,0,0.827,281.5,195.8,317.2,284.0,299.4,239.9
269,13,0,0.698,32.6,174.4,58.7,243.8,45.7,209.1
269,9,0,0.671,131.2,143.4,153.8,211.0,142.5,177.2
269,17,0,0.477,432.0,170.9,458.2,241.4,445.1,206.1
269,18,0,0.786,467.8,237.2,511.0,333.1,489.4,285.2
270,5,0,0.768,633.1,139.8,656.7,201.9,644.9,170.9
270,4,0,0.726,597.5,131.0,625.9,197.6,611.7,164.3
270,1,0,0.806,281.5,193.4,313.2,280.8,297.3,237.1
270,13,0,0.675,32.3,174.2,56.8,244.1,44.6,209.1
270,9,0,0.601,130.0,141.5,150.4,210.3,140.2,175.9
270,18,0,0.751,461.6,235.6,499.3,332.1,480.5,283.9
271,5,0,0.775,633.0,140.1,656.6,202.9,644.8,171.5
271,4,0,0.754,596.6,131.4,624.9,198.4,610.8,164.9
271,1,0,0.79,281.8,191.8,311.9,278.9,296.9,235.3
271,13,0,0.665,31.2,174.4,54.9,243.6,43.1,209.0
271,9,0,0.63,128.1,141.3,147.1,207.8,137.6,174.6
271,18,0,0.814,455.3,235.3,492.4,332.3,473.8,283.8
272,5,0,0.81,632.4,140.8,656.2,204.0,644.3,172.4
272,4,0,0.758,596.9,132.0,624.5,199.2,610.7,165.6
272,1,0,0.83,279.4,191.5,309.3,277.0,294.4,234.3
272,13,0,0.699,29.2,173.5,54.4,243.7,41.8,208.6
272,9,0,0.633,126.3,140.9,146.0,209.8,136.2,175.3
272,18,0,0.845,449.8,235.1,488.2,331.2,469.0,283.2
273,5,0,0.836,631.5,141.8,654.5,204.4,643.0,173.1
273,4,0,0.728,596.1,132.3,624.5,200.4,610.3,166.3
273,1,0,0.797,272.1,190.5,306.3,275.0,289.2,232.8
273,13,0,0.73,25.6,173.2,52.9,244.1,39.2,208.7
273,9,0,0.679,123.3,141.7,143.5,210.3,133.4,176.0
273,18,0,0.829,445.0,233.5,482.0,330.7,463.5,282.1
274,5,0,0.866,630.7,142.6,653.0,204.8,641.8,173.7
274,4,0,0.746,596.2,132.9,624.5,201.4,610.4,167.2
274,1,0,0.784,266.7,188.5,304.2,272.1,285.5,230.3
274,13,0,0.726,22.9,173.6,52.6,244.2,37.8,208.9
274,9,0,0.699,121.8,142.3,142.5,210.7,132.2,176.5
274,18,0,0.789,442.5,232.4,474.7,327.6,458.6,280.0
274,17,0,0.66,399.9,166.8,423.4,234.4,411.7,200.6
275,5,0,0.845,630.3,143.8,652.0,206.7,641.1,175.2
275,4,0,0.771,596.8,133.6,624.8,201.8,610.8,167.7
275,1,0,0.756,264.7,187.0,299.7,271.0,282.2,229.0
275,13,0,0.73,20.7,173.4,50.4,243.6,35.6,208.5
275,9,0,0.696,120.1,144.5,139.7,210.6,129.9,177.5
275,18,0,0.793,435.3,231.3,466.3,326.2,450.8,278.8
275,17,0,0.619,391.7,167.3,414.8,234.1,403.2,200.7
276,5,0,0.861,630.3,145.5,651.1,208.2,640.7,176.8
276,4,0,0.749,597.0,133.8,624.8,202.9,610.9,168.3
276,1,0,0.757,264.1,186.3,297.5,270.4,280.8,228.4
276,13,0,0.722,18.1,174.8,48.1,243.5,33.1,209.1
276,9,0,0.696,117.8,145.8,139.0,210.9,128.4,178.4
276,18,0,0.807,428.6,232.1,462.8,324.2,445.7,278.1
276,17,0,0.779,381.7,165.8,411.0,233.8,396.3,199.8
277,5,0,0.837,630.5,146.9,650.9,209.5,640.7,178.2
277,4,0,0.697,597.3,133.8,624.5,204.3,610.9,169.0
277,1,0,0.781,265.1,184.7,296.6,269.3,280.9,227.0
277,13,0,0.672,15.9,175.3,45.6,243.3,30.8,209.3
277,9,0,0.71,116.5,146.0,138.7,211.6,127.6,178.8
277,18,0,0.734,421.7,238.1,461.1,322.7,441.4,280.4
277,17,0,0.746,377.3,165.9,404.7,233.3,391.0,199.6
278,5,0,0.817,630.7,147.8,651.1,209.8,640.9,178.8
278,4,0,0.67,598.2,136.3,624.5,205.8,611.4,171.0
278,1,0,0.811,264.8,184.0,294.8,264.8,279.8,224.4
278,13,0,0.732,10.7,177.2,41.0,243.8,25.9,210.5
278,9,0,0.732,115.1,146.5,138.8,212.9,127.0,179.7
278,18,0,0.564,416.8,241.5,458.1,321.7,437.5,281.6
278,17,0,0.85,370.3,165.7,394.6,231.6,382.4,198.6
279,5,0,0.789,630.4,147.7,651.9,210.1,641.1,178.9
279,4,0,0.692,598.3,138.3,624.8,206.8,611.5,172.5
279,1,0,0.76,264.0,182.9,293.4,262.2,278.7,222.6
279,13,0,0.662,3.5,177.3,35.6,242.6,19.5,209.9
279,9,0,0.755,114.1,147.1,139.5,215.0,126.8,181.0
279,18,0,0.318,412.6,243.5,448.7,320.4,430.7,281.9
279,17,0,0.802,365.3,164.7,388.6,230.9,376.9,197.8
280,5,0,0.734,630.6,147.3,652.6,209.8,641.6,178.5
280,4,0,0.704,598.4,139.4,625.3,206.9,611.8,173.1
280,1,0,0.765,262.9,181.9,292.1,260.9,277.5,221.4
280,13,0,0.651,0.5,177.4,30.9,242.0,15.7,209.7
280,9,0,0.79,114.1,146.6,139.6,215.4,126.8,181.0
280,18,0,0.571,407.1,244.2,437.3,319.6,422.2,281.9
280,17,0,0.768,359.0,164.7,386.3,230.6,372.6,197.7
281,5,0,0.725,630.9,147.2,652.9,209.6,641.9,178.4
281,4,0,0.653,598.6,138.7,624.9,206.6,611.8,172.7
281,1,0,0.794,261.8,180.2,291.1,260.1,276.5,220.2
281,13,0,0.663,0.0,177.0,27.1,241.3,13.6,209.1
281,9,0,0.81,114.9,146.5,139.9,215.9,127.4,181.2
281,18,0,0.58,403.1,241.8,430.8,317.9,416.9,279.9
281,17,0,0.739,354.3,164.5,382.4,229.8,368.3,197.2
282,5,0,0.768,629.6,147.6,652.2,211.0,640.9,179.3
282,4,0,0.734,598.5,139.0,623.9,208.3,611.2,173.6
282,1,0,0.817,255.9,178.8,289.7,257.5,272.8,218.1
282,13,0,0.687,0.0,174.9,23.0,239.2,11.5,207.1
282,9,0,0.676,117.9,146.8,144.2,216.5,131.0,181.6
282,18,0,0.805,397.7,231.6,429.7,318.1,413.7,274.9
282,17,0,0.786,347.2,163.5,371.1,229.7,359.1,196.6
283,5,0,0.79,628.3,147.9,650.9,212.6,639.6,180.3
283,4,0,0.792,597.8,139.1,623.6,210.0,610.7,174.5
283,1,0,0.806,254.2,177.2,288.2,255.8,271.2,216.5
283,13,0,0.66,0.0,173.2,20.9,239.3,10.5,206.3
283,9,0,0.722,120.0,148.2,146.3,216.8,133.2,182.5
283,18,0,0.726,393.5,227.1,424.5,316.2,409.0,271.7
283,17,0,0.743,339.1,163.2,365.6,228.8,352.4,196.0
284,5,0,0.792,626.7,147.3,649.8,213.0,638.2,180.1
284,4,0,0.843,597.2,139.4,623.7,211.1,610.5,175.3
284,1,0,0.793,253.8,176.3,287.0,255.5,270.4,215.9
284,13,0,0.649,0.0,171.3,18.7,239.7,9.3,205.5
284,9,0,0.8,122.9,147.7,149.2,217.1,136.0,182.4
284,18,0,0.758,389.5,223.8,418.6,314.3,404.1,269.1
284,17,0,0.725,333.3,163.3,362.7,228.5,348.0,195.9
285,5,0,0.766,625.1,147.0,647.8,214.7,636.4,180.9
285,4,0,0.839,596.7,139.1,623.9,212.4,610.3,175.7
285,1,0,0.78,255.3,175.2,286.6,254.7,270.9,214.9
285,13,0,0.596,0.0,169.7,15.8,239.6,7.9,204.6
285,9,0,0.787,127.1,148.1,153.5,217.8,140.3,183.0
285,18,0,0.79,382.0,221.0,412.7,312.9,397.3,267.0
285,17,0,0.857,327.6,161.8,353.3,228.3,340.5,195.0
286,5,0,0.743,623.9,150.1,646.7,216.2,635.3,183.2
286,4,0,0.816,596.4,139.0,623.7,212.7,610.1,175.8
286,1,0,0.765,256.6,173.9,287.0,252.6,271.8,213.2
286,13,0,0.578,0.0,171.2,14.2,238.7,7.1,204.9
286,9,0,0.725,130.8,148.5,157.6,220.2,144.2,184.3
286,18,0,0.819,370.1,220.2,410.7,312.0,390.4,266.1
286,17,0,0.798,322.6,161.5,346.3,228.3,334.5,194.9
287,5,0,0.755,622.7,151.9,646.0,218.9,634.3,185.4
287,4,0,0.82,596.2,140.2,623.7,213.6,609.9,176.9
287,1,0,0.743,257.8,172.7,286.8,250.9,272.3,211.8
287,13,0,0.504,0.0,174.0,10.6,237.7,5.3,205.9
287,9,0,0.737,134.5,150.5,160.0,221.8,147.2,186.2
287,18,0,0.833,367.0,219.7,409.1,311.7,388.1,265.7
287,17,0,0.783,317.5,161.8,342.7,226.9,330.1,194.3
288,5,0,0.78,621.6,153.0,644.9,220.2,633.3,186.6
288,4,0,0.795,595.5,144.4,622.4,215.7,608.9,180.0
288,1,0,0.753,258.0,171.9,287.4,250.1,272.7,211.0
288,9,0,0.747,139.6,151.2,163.5,223.5,151.6,187.4
288,18,0,0.748,362.4,218.8,399.7,309.4,381.1,264.1
288,17,0,0.806,310.4,162.0,335.4,225.5,322.9,193.8
289,5,0,0.843,620.5,153.8,644.2,221.2,632.4,187.5
289,4,0,0.767,594.8,146.1,620.9,217.9,607.9,182.0
289,1,0,0.763,256.7,171.0,287.9,249.8,272.3,210.4
289,9,0,0.765,142.0,151.7,165.9,223.6,154.0,187.7
289,18,0,0.837,357.1,218.0,391.9,308.7,374.5,263.3
289,17,0,0.841,305.1,160.2,329.3,224.7,317.2,192.4
290,5,0,0.829,620.4,154.6,643.8,221.3,632.1,187.9
290,4,0,0.82,592.5,145.9,620.0,218.7,606.2,182.3
290,1,0,0.804,255.7,169.8,288.2,249.0,271.9,209.4
290,9,0,0.77,144.4,152.4,170.5,224.6,157.4,188.5
290,18,0,0.839,353.6,217.5,387.1,308.0,370.4,262.7
290,17,0,0.829,301.3,159.2,324.3,224.5,312.8,191.9
291,5,0,0.768,619.4,154.6,644.0,221.6,631.7,188.1
291,4,0,0.795,590.3,146.9,618.6,219.1,604.5,183.0
291,1,0,0.827,258.6,168.9,289.6,246.1,274.1,207.5
291,9,0,0.799,149.1,153.6,175.2,225.3,162.1,189.5
291,18,0,0.781,349.9,216.4,382.6,306.9,366.3,261.6
291,17,0,0.722,294.4,160.1,321.3,223.9,307.8,192.0
292,5,0,0.743,619.4,155.5,643.5,222.1,631.5,188.8
292,4,0,0.757,589.4,148.6,616.9,219.6,603.2,184.1
292,1,0,0.842,261.5,167.5,290.9,243.9,276.2,205.7
292,9,0,0.746,152.6,153.7,178.7,225.7,165.7,189.7
292,18,0,0.779,348.2,216.5,378.5,305.4,363.4,260.9
292,17,0,0.651,288.9,159.9,314.5,223.5,301.7,191.7
293,5,0,0.676,618.7,157.6,643.0,223.3,630.8,190.4
293,4,0,0.737,588.7,150.3,615.5,219.2,602.1,184.7
293,1,0,0.751,264.0,168.3,290.8,243.2,277.4,205.7
293,9,0,0.8,156.1,154.1,182.7,227.1,169.4,190.6
293,18,0,0.762,346.5,215.0,373.9,302.8,360.2,258.9
293,17,0,0.602,283.5,159.3,307.6,224.1,295.6,191.7
294,5,0,0.717,618.1,159.4,640.9,223.5,629.5,191.5
294,4,0,0.746,586.7,152.6,613.6,223.1,600.1,187.8
294,9,0,0.823,160.7,154.4,188.7,229.3,174.7,191.9
294,18,0,0.786,339.9,212.9,368.7,301.0,354.3,257.0
294,17,0,0.782,272.4,159.6,302.2,234.7,287.3,197.2
295,5,0,0.775,616.3,159.3,639.1,224.4,627.7,191.8
295,4,0,0.765,585.0,153.8,612.4,224.4,598.7,189.1
295,9,0,0.744,164.9,154.5,193.4,230.5,179.2,192.5
295,18,0,0.799,334.1,212.7,367.0,299.9,350.6,256.3
295,17,0,0.626,270.7,161.6,300.2,236.6,285.5,199.1
296,5,0,0.757,615.2,160.1,637.7,226.1,626.5,193.1
296,4,0,0.815,583.6,154.1,612.1,225.6,597.9,189.8
296,9,0,0.787,168.0,156.4,196.6,230.7,182.3,193.6
296,18,0,0.857,330.6,212.5,365.2,299.1,347.9,255.8
296,17,0,0.782,274.3,162.2,302.8,237.2,288.5,199.7
296,1,0,0.611,266.0,160.7,286.2,222.6,276.1,191.6
297,5,0,0.754,613.5,159.9,637.4,227.5,625.5,193.7
297,4,0,0.859,583.0,154.3,612.2,226.5,597.6,190.4
297,9,0,0.831,172.3,157.2,198.4,230.8,185.4,194.0
297,18,0,0.8,328.2,212.3,364.0,298.9,346.1,255.6
297,17,0,0.708,277.3,162.1,305.7,236.1,291.5,199.1
297,1,0,0.674,263.3,159.2,284.0,219.6,273.6,189.4
298,5,0,0.763,612.9,160.9,638.1,230.0,625.5,195.5
298,4,0,0.832,582.6,155.1,611.9,228.7,597.3,191.9
298,9,0,0.758,176.7,156.5,201.7,230.9,189.2,193.7
298,18,0,0.736,324.0,209.5,361.2,297.5,342.6,253.5
298,17,0,0.67,280.9,162.1,310.2,236.6,295.5,199.4
298,1,0,0.75,259.4,159.1,281.2,220.6,270.3,189.9
299,5,0,0.83,615.5,162.0,640.9,232.5,628.2,197.2
299,4,0,0.861,582.2,158.0,610.5,232.3,596.3,195.1
299,9,0,0.666,182.1,157.2,213.4,233.8,197.8,195.5
299,18,0,0.723,318.6,208.3,351.1,295.4,334.9,251.8
299,17,0,0.803,287.8,160.9,316.0,233.9,301.9,197.4
299,1,0,0.749,250.2,158.5,276.9,220.6,263.5,189.5
300,5,0,0.791,617.2,162.8,642.9,232.5,630.1,197.6
300,4,0,0.826,581.8,159.5,609.7,233.8,595.7,196.7
300,9,0,0.7,185.4,158.2,219.0,234.7,202.2,196.5
300,18,0,0.668,313.9,210.4,344.9,294.3,329.4,252.3
300,17,0,0.706,293.3,159.2,320.4,232.9,306.8,196.1
300,1,0,0.709,244.5,157.7,268.0,220.9,256.3,189.3
301,5,0,0.731,617.9,162.0,644.3,231.8,631.1,196.9
301,4,0,0.792,581.8,160.5,609.6,234.3,595.7,197.4
301,9,0,0.794,189.6,159.0,221.3,235.3,205.5,197.2
301,18,0,0.712,311.5,210.0,342.3,293.4,326.9,251.7
301,17,0,0.683,298.8,158.0,325.6,230.0,312.2,194.0
301,1,0,0.672,239.8,157.3,260.1,221.6,250.0,189.5
302,5,0,0.73,619.0,162.8,645.2,232.2,632.1,197.5
302,4,0,0.758,582.1,160.7,609.4,235.3,595.7,198.0
302,9,0,0.804,195.6,158.9,224.5,234.2,210.1,196.5
302,18,0,0.674,308.1,205.4,339.7,293.6,323.9,249.5
302,17,0,0.539,304.7,157.7,328.8,228.6,316.7,193.1
302,1,0,0.735,234.2,157.1,256.4,221.9,245.3,189.5
303,5,0,0.724,620.0,163.6,645.5,235.1,632.8,199.3
303,4,0,0.731,582.2,161.5,609.5,235.6,595.8,198.6
303,9,0,0.604,202.9,159.4,232.7,236.5,217.8,197.9
303,18,0,0.652,304.3,205.8,332.7,290.5,318.5,248.2
304,5,0,0.739,619.9,165.6,645.3,237.2,632.6,201.4
304,4,0,0.664,582.6,164.1,610.5,237.2,596.6,200.7
304,9,0,0.695,207.6,160.0,240.2,238.8,223.9,199.4
304,18,0,0.73,300.3,204.1,328.5,290.3,314.4,247.2
304,20,0,0.786,321.9,154.0,344.3,227.9,333.1,190.9
305,5,0,0.753,619.6,168.2,644.4,238.1,632.0,203.2
305,4,0,0.771,584.8,166.1,614.3,239.2,599.6,202.6
305,9,0,0.606,217.9,160.7,244.0,238.6,231.0,199.7
305,18,0,0.823,292.1,203.3,326.0,288.2,309.0,245.8
305,20,0,0.831,327.3,154.4,352.7,226.9,340.0,190.7
306,5,0,0.754,619.0,170.3,643.5,238.8,631.2,204.5
306,4,0,0.813,585.5,166.9,615.8,240.4,600.6,203.7
306,9,0,0.769,224.3,161.7,247.5,238.1,235.9,199.9
306,18,0,0.81,286.2,203.3,324.1,287.2,305.2,245.3
306,20,0,0.776,329.0,154.2,360.6,227.1,344.8,190.6
307,5,0,0.767,618.0,169.6,643.0,240.9,630.5,205.3
307,4,0,0.844,586.1,167.2,617.3,241.9,601.7,204.5
307,9,0,0.696,228.9,163.0,253.3,238.4,241.1,200.7
307,18,0,0.794,284.0,203.0,322.8,286.7,303.4,244.9
307,20,0,0.765,332.7,153.6,365.2,226.0,348.9,189.8
307,21,0,0.8,203.4,164.2,223.5,227.9,213.4,196.0
308,5,0,0.797,617.4,169.4,642.8,242.8,630.1,206.1
308,4,0,0.851,586.9,167.4,617.9,243.8,602.4,205.6
308,9,0,0.812,230.2,162.3,264.8,240.5,247.5,201.4
308,18,0,0.798,282.2,201.0,319.7,286.2,300.9,243.6
308,20,0,0.785,340.3,151.7,370.4,223.7,355.4,187.7
308,21,0,0.742,199.7,164.2,219.6,227.8,209.6,196.0
309,5,0,0.792,617.8,173.4,642.5,245.2,630.2,209.3
309,4,0,0.863,586.3,169.8,618.2,247.7,602.3,208.8
309,9,0,0.789,236.0,162.0,269.6,241.3,252.8,201.7
309,18,0,0.711,275.7,202.7,307.3,284.8,291.5,243.8
309,20,0,0.635,351.4,150.9,379.9,223.1,365.6,187.0
309,21,0,0.772,191.9,164.6,216.4,228.8,204.2,196.7
310,5,0,0.796,618.2,174.7,643.2,246.1,630.7,210.4
310,4,0,0.852,586.1,171.4,618.5,249.7,602.3,210.6
310,9,0,0.774,243.9,162.3,273.8,241.7,258.9,202.0
310,18,0,0.716,269.6,198.8,301.1,283.1,285.4,241.0
310,20,0,0.665,355.4,151.4,390.9,222.5,373.1,186.9
310,21,0,0.791,187.4,165.0,213.4,230.3,200.4,197.6
311,5,0,0.696,619.1,173.8,644.5,248.0,631.8,210.9
311,4,0,0.841,586.3,172.2,618.2,250.3,602.3,211.3
311,9,0,0.719,250.6,162.1,278.7,243.3,264.6,202.7
311,18,0,0.68,268.3,201.1,298.6,282.5,283.4,241.8
311,20,0,0.612,359.0,151.7,396.6,222.1,377.8,186.9
311,21,0,0.793,185.2,165.3,211.1,231.4,198.2,198.3
312,5,0,0.743,621.0,173.3,646.9,249.9,633.9,211.6
312,4,0,0.853,586.6,173.1,617.9,250.9,602.2,212.0
312,9,0,0.539,258.9,164.6,286.9,221.9,272.9,193.2
312,18,0,0.571,261.6,197.9,294.2,282.3,277.9,240.1
312,20,0,0.722,374.4,149.7,402.5,221.9,388.4,185.8
312,21,0,0.757,182.0,165.7,208.6,232.4,195.3,199.0
313,5,0,0.823,622.6,174.0,647.6,253.3,635.1,213.7
313,4,0,0.846,587.6,173.7,617.8,252.7,602.7,213.2
313,9,0,0.482,264.8,165.8,290.7,213.0,277.7,189.4
313,18,0,0.548,258.7,196.7,291.6,279.6,275.1,238.1
313,20,0,0.743,382.7,150.2,409.9,221.5,396.3,185.8
313,21,0,0.749,181.1,166.4,207.4,233.6,194.2,200.0
314,5,0,0.849,623.0,176.6,648.7,255.1,635.9,215.8
314,4,0,0.841,588.3,174.7,618.0,254.3,603.1,214.5
314,9,0,0.362,270.3,166.9,293.4,210.1,281.8,188.5
314,18,0,0.595,260.2,194.4,291.5,278.2,275.9,236.3
314,20,0,0.56,385.7,149.1,419.8,221.1,402.8,185.1
314,21,0,0.758,181.1,167.5,207.4,235.7,194.3,201.6
315,5,0,0.81,624.2,178.6,650.0,257.0,637.1,217.8
315,4,0,0.847,590.1,175.7,619.8,256.0,605.0,215.9
315,9,0,0.655,276.9,165.3,302.9,232.7,289.9,199.0
315,18,0,0.739,256.9,194.0,289.1,276.0,273.0,235.0
315,20,0,0.574,396.8,148.8,425.3,214.8,411.1,181.8
315,21,0,0.829,182.8,169.9,209.0,237.1,195.9,203.5
316,5,0,0.763,623.9,180.1,650.2,257.6,637.0,218.8
316,4,0,0.867,590.4,176.2,620.9,256.7,605.7,216.5
316,9,0,0.717,282.2,164.6,313.4,241.7,297.8,203.2
316,18,0,0.852,254.1,193.4,287.0,275.7,270.5,234.5
316,20,0,0.474,403.3,148.3,427.9,205.1,415.6,176.7
316,21,0,0.839,184.7,170.8,211.3,237.5,198.0,204.2
317,5,0,0.801,624.7,180.5,651.8,257.9,638.2,219.2
317,4,0,0.874,590.5,176.6,622.9,259.3,606.7,218.0
317,9,0,0.749,286.0,166.5,319.5,246.7,302.7,206.6
317,18,0,0.851,252.1,194.7,286.2,275.6,269.2,235.2
317,20,0,0.27,408.0,147.0,430.8,202.4,419.4,174.7
317,21,0,0.816,187.0,171.6,213.3,239.3,200.1,205.4
318,5,0,0.826,625.1,180.6,653.4,259.6,639.3,220.1
318,4,0,0.878,591.1,177.9,624.6,261.9,607.8,219.9
318,9,0,0.801,287.5,166.3,321.8,247.9,304.7,207.1
318,18,0,0.787,250.2,194.9,284.4,276.1,267.3,235.5
318,21,0,0.815,189.7,172.9,215.2,240.7,202.4,206.8
319,5,0,0.776,626.5,182.8,655.0,262.7,640.8,222.7
319,4,0,0.837,593.7,180.4,625.7,264.1,609.7,222.3
319,9,0,0.768,295.0,166.8,327.6,248.8,311.3,207.8
319,18,0,0.77,252.1,195.2,281.2,276.2,266.7,235.7
319,21,0,0.772,195.4,174.4,220.8,242.1,208.1,208.3
320,5,0,0.739,628.0,183.9,655.9,264.4,641.9,224.2
320,4,0,0.857,595.8,182.0,625.8,265.4,610.8,223.7
320,9,0,0.79,301.2,166.9,334.4,250.7,317.8,208.8
320,18,0,0.793,254.6,195.4,279.2,276.2,266.9,235.8
320,21,0,0.822,201.2,175.5,225.1,242.5,213.2,209.0
320,20,0,0.575,429.8,145.6,451.4,201.7,440.6,173.6
321,5,0,0.712,629.1,185.0,657.8,265.5,643.5,225.3
321,4,0,0.876,597.5,183.0,625.5,265.4,611.5,224.2
321,9,0,0.812,305.9,167.2,341.3,252.2,323.6,209.7
321,18,0,0.78,256.6,196.3,278.6,276.6,267.6,236.5
321,21,0,0.778,205.8,175.5,229.1,243.0,217.5,209.2
321,20,0,0.64,434.5,145.1,458.0,210.3,446.3,177.7
322,5,0,0.703,630.4,185.7,659.6,266.3,645.0,226.0
322,4,0,0.805,599.2,183.7,625.8,265.2,612.5,224.4
322,9,0,0.814,308.8,167.9,346.0,253.1,327.4,210.5
322,18,0,0.763,257.7,196.9,280.2,277.2,269.0,237.1
322,21,0,0.752,209.2,176.0,235.3,242.4,222.3,209.2
322,20,0,0.691,439.3,146.1,468.5,214.3,453.9,180.2
323,5,0,0.736,633.6,187.4,662.2,268.7,647.9,228.1
323,4,0,0.781,600.9,184.5,627.3,267.3,614.1,225.9
323,9,0,0.733,318.5,169.0,347.7,252.7,333.1,210.9
323,18,0,0.763,260.7,198.2,284.0,277.3,272.3,237.8
323,21,0,0.825,214.0,175.5,243.2,241.8,228.6,208.7
323,20,0,0.767,447.7,146.4,473.8,216.0,460.8,181.2
324,5,0,0.782,635.0,190.7,663.1,270.5,649.0,230.6
324,4,0,0.773,602.5,185.9,629.4,268.7,616.0,227.3
324,9,0,0.714,326.3,169.5,351.0,252.6,338.6,211.0
324,18,0,0.77,262.9,199.2,287.7,277.4,275.3,238.3
324,21,0,0.764,218.3,175.3,248.4,244.0,233.4,209.7
324,20,0,0.707,452.8,146.0,476.8,217.0,464.8,181.5
325,5,0,0.809,636.0,193.0,663.1,272.2,649.6,232.6
325,4,0,0.795,604.5,188.2,631.6,268.9,618.1,228.5
325,9,0,0.783,330.6,168.8,358.0,252.2,344.3,210.5
325,18,0,0.763,264.3,201.4,295.1,278.6,279.7,240.0
325,21,0,0.773,224.9,175.4,251.5,243.1,238.2,209.2
325,20,0,0.781,456.7,146.9,482.1,217.4,469.4,182.2
326,5,0,0.775,636.6,195.1,664.2,273.5,650.4,234.3
326,4,0,0.817,607.1,189.7,637.4,270.9,622.3,230.3
326,9,0,0.82,332.3,171.9,369.4,254.7,350.9,213.3
326,18,0,0.86,266.7,201.3,302.3,279.6,284.5,240.4
326,21,0,0.757,232.6,175.4,260.7,243.1,246.7,209.3
326,20,0,0.76,461.1,146.8,492.2,217.7,476.6,182.2
327,5,0,0.73,638.0,196.3,665.7,274.0,651.9,235.2
327,4,0,0.846,608.8,190.8,641.1,273.6,624.9,232.2
327,9,0,0.738,337.2,171.7,374.5,255.3,355.8,213.5
327,18,0,0.865,268.4,200.0,306.0,280.0,287.2,240.0
327,21,0,0.792,239.0,176.3,265.2,243.1,252.1,209.7
327,20,0,0.683,462.7,146.5,497.1,218.2,479.9,182.4
328,5,0,0.682,639.9,197.0,667.4,275.5,653.6,236.2
328,4,0,0.837,610.0,191.8,642.8,276.6,626.4,234.2
328,9,0,0.812,343.8,173.0,378.4,255.1,361.1,214.0
328,18,0,0.771,272.8,196.6,307.8,280.2,290.3,238.4
328,21,0,0.776,243.1,176.6,270.5,243.8,256.8,210.2
328,20,0,0.765,468.8,146.4,498.4,218.0,483.6,182.2
329,5,0,0.65,642.2,199.4,670.0,280.4,656.1,239.9
329,4,0,0.827,612.0,193.7,645.7,277.7,628.9,235.7
329,9,0,0.785,353.9,173.0,386.7,256.7,370.3,214.9
329,18,0,0.77,283.5,195.2,314.9,281.1,299.2,238.1
329,21,0,0.75,253.0,174.9,277.5,244.1,265.3,209.5
329,20,0,0.798,474.2,146.8,502.0,217.7,488.1,182.2
330,5,0,0.719,644.8,198.8,672.7,282.5,658.8,240.7
330,4,0,0.878,613.6,195.3,647.9,280.5,630.7,237.9
330,9,0,0.835,359.7,174.1,393.8,257.5,376.8,215.8
330,18,0,0.753,288.2,197.2,320.4,282.2,304.3,239.7
330,21,0,0.735,258.8,175.8,283.5,244.7,271.1,210.2
330,20,0,0.733,478.1,148.1,506.9,219.5,492.5,183.8
331,5,0,0.803,647.7,198.0,675.4,283.7,661.5,240.9
331,4,0,0.881,614.8,197.2,648.8,283.1,631.8,240.2
331,9,0,0.775,361.8,174.8,400.6,258.4,381.2,216.6
331,18,0,0.779,291.8,201.2,323.3,284.1,307.5,242.7
331,21,0,0.621,263.2,177.0,287.9,244.6,275.5,210.8
331,20,0,0.685,480.8,149.8,509.6,220.3,495.2,185.0
332,5,0,0.785,651.3,198.1,679.9,285.5,665.6,241.8
332,4,0,0.87,617.7,199.0,650.2,285.6,633.9,242.3
332,9,0,0.798,372.1,176.9,402.5,257.8,387.3,217.4
332,18,0,0.748,297.0,203.7,328.1,285.7,312.6,244.7
332,21,0,0.74,268.8,176.0,296.2,244.9,282.5,210.5
332,20,0,0.821,483.0,149.9,514.2,221.9,498.6,185.9
333,5,0,0.732,654.5,202.4,681.7,287.8,668.1,245.1
333,4,0,0.831,619.8,199.7,651.3,285.8,635.6,242.7
333,9,0,0.821,380.3,177.3,404.9,259.0,392.6,218.2
333,18,0,0.743,302.3,204.4,331.8,286.5,317.1,245.4
333,21,0,0.809,276.1,176.2,301.2,245.5,288.7,210.8
333,20,0,0.825,485.3,150.1,515.9,223.0,500.6,186.6
334,5,0,0.756,655.1,203.1,682.5,288.6,668.8,245.9
334,4,0,0.873,621.3,200.8,653.1,287.1,637.2,244.0
334,9,0,0.736,385.2,176.6,411.7,259.3,398.4,218.0
334,18,0,0.695,306.3,205.7,336.4,287.6,321.4,246.6
334,21,0,0.809,281.4,176.4,305.5,245.2,293.5,210.8
334,20,0,0.808,486.4,151.3,515.6,224.3,501.0,187.8
335,5,0,0.696,657.0,205.6,684.9,290.6,670.9,248.1
335,4,0,0.849,624.1,203.8,656.4,290.5,640.2,247.2
335,9,0,0.68,387.3,175.5,422.2,261.2,404.8,218.3
335,18,0,0.754,312.0,208.3,346.5,290.5,329.2,249.4
335,21,0,0.745,287.7,179.0,312.7,246.5,300.2,212.7
335,20,0,0.79,487.4,153.2,513.8,227.0,500.6,190.1
336,5,0,0.641,659.7,206.4,687.4,290.8,673.6,248.6
336,4,0,0.86,626.4,205.3,660.0,292.7,643.2,249.0
336,9,0,0.599,391.4,175.8,425.2,260.6,408.3,218.2
336,18,0,0.845,314.9,209.1,351.3,291.5,333.1,250.3
336,21,0,0.732,292.9,178.7,317.9,246.8,305.4,212.7
336,20,0,0.81,486.7,153.9,513.0,228.3,499.9,191.1
337,5,0,0.692,661.2,207.0,689.9,290.2,675.6,248.6
337,4,0,0.889,629.0,205.3,662.2,293.6,645.6,249.5
337,9,0,0.359,398.9,176.4,427.5,261.2,413.2,218.8
337,18,0,0.837,320.1,207.7,354.5,291.6,337.3,249.6
337,21,0,0.75,297.6,177.8,322.3,248.7,310.0,213.2
337,20,0,0.786,484.9,154.8,511.9,229.2,498.4,192.0
338,5,0,0.759,665.0,209.3,693.5,292.9,679.2,251.1
338,4,0,0.847,632.7,207.7,666.1,298.0,649.4,252.9
338,18,0,0.808,327.2,209.1,359.4,294.6,343.3,251.9
338,21,0,0.817,305.5,177.8,329.0,248.8,317.2,213.3
338,20,0,0.762,480.8,157.9,510.8,233.3,495.8,195.6
339,5,0,0.711,666.3,209.6,697.9,295.7,682.1,252.7
339,4,0,0.811,636.2,209.4,668.3,300.6,652.2,255.0
339,18,0,0.779,331.4,209.9,364.1,296.4,347.7,253.2
339,21,0,0.772,309.7,178.8,334.3,248.5,322.0,213.7
339,20,0,0.792,477.7,160.4,508.5,235.0,493.1,197.7
340,5,0,0.739,669.4,210.9,699.7,298.5,684.6,254.7
340,4,0,0.805,638.5,211.0,668.9,300.5,653.7,255.8
340,18,0,0.773,335.0,213.3,368.2,299.1,351.6,256.2
340,21,0,0.616,313.7,179.1,339.7,248.0,326.7,213.6
340,20,0,0.805,475.2,160.7,505.9,237.2,490.6,199.0
341,5,0,0.769,672.9,210.8,703.4,300.8,688.1,255.8
341,4,0,0.843,641.9,213.3,672.3,304.1,657.1,258.7
341,18,0,0.721,341.8,215.8,373.5,300.4,357.7,258.1
341,21,0,0.807,324.6,179.0,346.8,247.9,335.7,213.4
341,20,0,0.757,471.9,161.8,497.7,238.3,484.8,200.1
342,5,0,0.759,675.8,218.3,706.4,301.4,691.1,259.9
342,4,0,0.807,644.4,214.5,673.2,304.8,658.8,259.6
342,18,0,0.679,347.5,216.0,377.7,301.2,362.6,258.6
342,21,0,0.716,331.5,178.1,353.4,248.8,342.5,213.4
342,20,0,0.776,467.5,163.3,493.9,239.2,480.7,201.2
342,9,0,0.592,435.8,178.5,461.5,265.7,448.7,222.1
343,5,0,0.768,677.9,218.9,708.3,301.5,693.1,260.2
343,4,0,0.778,645.7,215.2,674.8,304.5,660.2,259.8
343,18,0,0.742,351.5,216.9,385.1,302.7,368.3,259.8
343,21,0,0.744,334.0,179.4,359.2,249.6,346.6,214.5
343,20,0,0.713,464.2,164.3,492.2,239.0,478.2,201.6
343,9,0,0.744,440.5,179.7,468.2,267.0,454.4,223.3
344,5,0,0.738,681.2,219.5,710.5,305.1,695.8,262.3
344,4,0,0.789,649.5,216.6,679.5,306.0,664.5,261.3
344,18,0,0.701,348.9,217.8,392.3,305.5,370.6,261.6
344,21,0,0.465,343.6,178.5,368.1,247.7,355.8,213.1
344,9,0,0.76,442.0,169.6,479.4,269.7,460.7,219.7
345,5,0,0.68,682.6,220.2,711.5,305.5,697.1,262.9
345,4,0,0.806,651.7,218.2,682.2,307.0,666.9,262.6
345,18,0,0.732,356.8,218.3,395.6,307.6,376.2,263.0
345,21,0,0.681,352.3,178.4,374.1,242.0,363.2,210.2
345,9,0,0.763,444.2,171.4,484.6,270.7,464.4,221.1
346,5,0,0.682,685.1,221.2,711.8,307.6,698.5,264.4
346,4,0,0.84,653.3,219.7,686.6,308.7,670.0,264.2
346,18,0,0.736,362.8,219.3,399.4,308.3,381.1,263.8
346,21,0,0.608,359.6,179.4,379.4,241.7,369.5,210.5
346,9,0,0.779,452.2,179.7,488.8,271.3,470.5,225.5
347,5,0,0.635,686.7,223.0,714.3,307.4,700.5,265.2
347,4,0,0.784,654.9,221.7,689.7,310.7,672.3,266.2
347,18,0,0.716,367.1,220.3,402.8,309.7,385.0,265.0
347,21,0,0.743,362.7,179.4,383.2,244.5,373.0,211.9
347,9,0,0.842,459.2,180.9,493.5,270.9,476.3,225.9
348,5,0,0.54,690.4,223.9,717.2,306.7,703.8,265.3
348,4,0,0.743,657.8,221.1,693.6,312.3,675.7,266.7
348,18,0,0.763,370.9,223.5,406.8,313.4,388.9,268.4
348,21,0,0.691,364.9,179.7,389.0,247.1,377.0,213.4
348,9,0,0.733,464.5,183.2,499.1,273.1,481.8,228.2
348,23,0,0.575,436.5,168.2,462.8,240.9,449.7,204.5
349,5,0,0.653,693.9,221.8,719.5,309.2,706.7,265.5
349,4,0,0.852,662.5,220.7,696.1,313.3,679.3,267.0
349,18,0,0.793,373.2,223.9,410.7,314.9,391.9,269.4
349,21,0,0.632,371.3,178.9,394.3,246.3,382.8,212.6
349,9,0,0.78,468.6,183.8,504.0,274.6,486.3,229.2
350,5,0,0.722,697.4,226.2,725.8,314.7,711.6,270.5
350,4,0,0.753,669.9,222.2,700.0,316.6,684.9,269.4
350,18,0,0.739,382.1,223.9,414.3,318.2,398.2,271.0
350,21,0,0.623,380.6,179.5,402.0,241.9,391.3,210.7
350,9,0,0.778,472.7,187.4,509.2,275.4,490.9,231.4
351,5,0,0.668,698.0,226.8,730.8,318.3,714.4,272.6
351,4,0,0.801,673.6,223.9,703.2,319.1,688.4,271.5
351,18,0,0.532,388.8,226.7,419.5,318.1,404.1,272.4
351,21,0,0.437,385.8,178.8,407.9,245.3,396.9,212.1
351,9,0,0.602,481.6,188.3,511.4,275.9,496.5,232.1
352,5,0,0.678,703.2,227.8,738.0,320.7,720.6,274.2
352,4,0,0.803,677.8,225.6,708.0,323.4,692.9,274.5
352,18,0,0.574,392.2,227.4,431.2,323.0,411.7,275.2
352,9,0,0.767,492.2,188.6,519.6,276.9,505.9,232.7
353,5,0,0.746,707.4,229.4,742.8,322.3,725.1,275.9
353,4,0,0.817,681.2,227.8,711.2,324.5,696.2,276.2
353,18,0,0.708,397.6,233.0,435.3,324.2,416.5,278.6
353,9,0,0.787,496.3,188.8,531.5,278.4,513.9,233.6
354,5,0,0.761,710.9,230.7,744.8,322.1,727.9,276.4
354,4,0,0.825,684.0,229.2,714.8,325.9,699.4,277.6
354,18,0,0.614,402.0,240.0,436.8,323.2,419.4,281.6
354,9,0,0.788,498.2,190.1,538.1,279.4,518.1,234.7
355,5,0,0.766,713.5,231.0,747.3,325.2,730.4,278.1
355,4,0,0.862,685.7,230.0,717.2,325.8,701.5,277.9
355,18,0,0.605,403.0,191.3,444.1,324.4,423.6,257.8
355,9,0,0.771,500.3,191.0,541.6,280.5,521.0,235.8
356,5,0,0.732,718.3,234.2,748.8,328.2,733.6,281.2
356,4,0,0.769,688.2,233.1,720.1,328.7,704.1,280.9
356,9,0,0.813,512.6,191.3,550.5,280.7,531.5,236.0
357,5,0,0.745,720.5,235.8,751.4,331.1,735.9,283.4
357,4,0,0.796,690.8,236.1,725.2,328.9,708.0,282.5
357,9,0,0.845,520.3,191.8,557.0,283.3,538.7,237.6
357,24,0,0.614,388.0,178.2,411.7,245.6,399.8,211.9
357,18,0,0.775,419.1,227.2,454.2,329.9,436.7,278.6
358,5,0,0.679,723.8,236.1,754.7,331.6,739.3,283.9
358,4,0,0.77,691.5,237.4,728.4,330.6,710.0,284.0
358,9,0,0.879,525.9,192.3,562.2,285.3,544.1,238.8
358,24,0,0.711,382.5,176.4,409.1,246.1,395.8,211.2
358,18,0,0.824,426.0,238.8,458.4,334.1,442.2,286.5
359,5,0,0.663,728.7,237.1,757.4,330.0,743.0,283.6
359,4,0,0.781,692.6,236.7,732.2,334.3,712.4,285.5
359,9,0,0.816,527.7,192.8,568.1,286.4,547.9,239.6
359,24,0,0.737,374.8,176.2,405.6,246.5,390.2,211.4
359,18,0,0.774,431.1,242.8,461.3,337.1,446.2,289.9
359,23,0,0.658,438.1,176.7,462.2,250.8,450.2,213.8
360,5,0,0.671,732.6,238.9,761.2,330.9,746.9,284.9
360,4,0,0.771,696.1,237.7,734.8,335.3,715.5,286.5
360,9,0,0.791,531.3,193.7,571.4,287.0,551.4,240.4
360,24,0,0.705,370.0,176.8,403.6,246.7,386.8,211.8
360,18,0,0.682,434.3,242.9,464.9,337.7,449.6,290.3
360,23,0,0.709,441.2,178.3,467.2,250.9,454.2,214.6
361,5,0,0.589,735.7,241.8,766.3,334.7,751.0,288.3
361,4,0,0.818,700.1,239.3,740.1,338.9,720.1,289.1
361,9,0,0.76,545.3,193.9,574.7,285.9,560.0,239.9
361,24,0,0.694,364.2,175.2,399.9,247.0,382.0,211.1
361,18,0,0.767,439.8,244.9,478.3,338.5,459.1,291.7
361,23,0,0.696,446.1,177.3,470.1,253.1,458.1,215.2
362,5,0,0.603,738.7,243.5,768.0,335.4,753.4,289.4
362,4,0,0.771,704.1,241.4,744.5,341.7,724.3,291.6
362,9,0,0.792,554.1,193.9,578.9,286.2,566.5,240.1
362,24,0,0.701,359.8,174.1,396.3,246.3,378.0,210.2
362,18,0,0.803,441.8,246.9,484.6,339.7,463.2,293.3
362,21,0,0.755,451.2,179.1,479.9,254.2,465.5,216.7
363,5,0,0.585,740.8,244.5,768.0,338.6,754.4,291.6
363,4,0,0.797,706.0,243.5,746.8,343.5,726.4,293.5
363,9,0,0.756,555.3,195.0,589.9,287.0,572.6,241.0
363,24,0,0.677,357.5,174.1,393.5,245.9,375.5,210.0
363,18,0,0.828,444.1,248.0,487.5,339.9,465.8,293.9
363,21,0,0.772,456.6,178.2,488.2,253.0,472.4,215.6
364,5,0,0.321,746.0,252.3,768.0,336.8,757.0,294.6
364,4,0,0.88,708.7,246.3,749.7,347.2,729.2,296.8
364,9,0,0.773,557.8,196.3,598.0,289.7,577.9,243.0
364,24,0,0.716,351.5,174.4,384.7,245.2,368.1,209.8
364,18,0,0.729,458.7,247.8,494.6,341.0,476.6,294.4
364,21,0,0.698,462.6,178.5,495.8,254.3,479.2,216.4
365,4,0,0.788,714.6,248.9,753.9,348.0,734.2,298.4
365,9,0,0.77,563.8,197.1,603.1,291.0,583.5,244.0
365,24,0,0.705,345.7,174.1,382.4,245.8,364.0,209.9
365,18,0,0.622,466.9,248.3,501.7,343.1,484.3,295.7
365,21,0,0.784,468.2,176.6,499.1,252.5,483.6,214.5
366,4,0,0.765,721.2,249.0,756.9,349.0,739.1,299.0
366,9,0,0.816,571.5,198.4,608.9,291.1,590.2,244.7
366,24,0,0.692,341.8,173.8,376.8,245.3,359.3,209.6
366,18,0,0.75,472.5,249.7,510.5,351.7,491.5,300.7
366,21,0,0.765,472.0,175.4,501.7,249.8,486.9,212.6
367,4,0,0.81,726.8,250.0,763.2,350.7,745.0,300.3
367,9,0,0.8,579.1,197.7,617.8,292.6,598.4,245.2
367,24,0,0.681,336.4,173.2,373.2,245.4,354.8,209.3
367,18,0,0.769,475.6,250.0,515.5,356.1,495.5,303.1
367,21,0,0.75,475.8,175.3,505.9,248.9,490.8,212.1
368,4,0,0.832,727.2,252.1,767.3,353.4,747.3,302.7
368,9,0,0.779,584.7,201.9,625.4,295.2,605.1,248.6
368,24,0,0.661,329.9,173.5,370.4,245.4,350.1,209.4
368,18,0,0.777,486.8,252.3,520.1,355.0,503.5,303.7
368,21,0,0.83,480.2,174.9,513.2,246.6,496.7,210.7
369,4,0,0.795,728.1,254.2,768.0,356.5,748.1,305.4
369,9,0,0.825,587.6,203.6,630.8,296.4,609.2,250.0
369,24,0,0.642,324.9,172.7,366.0,245.6,345.4,209.2
369,18,0,0.737,495.2,253.6,526.2,355.6,510.7,304.6
369,21,0,0.834,483.9,174.5,517.5,246.0,500.7,210.2
370,4,0,0.764,731.7,258.1,768.0,357.2,749.9,307.7
370,9,0,0.761,591.6,202.5,632.8,296.8,612.2,249.7
370,24,0,0.581,320.3,173.5,366.1,246.3,343.2,209.9
370,18,0,0.754,499.7,254.9,534.6,354.6,517.2,304.7
370,21,0,0.791,487.8,173.1,520.8,244.1,504.3,208.6
371,4,0,0.634,735.6,261.4,768.0,355.3,751.8,308.4
371,9,0,0.801,598.6,200.9,635.8,297.1,617.2,249.0
371,24,0,0.691,314.9,173.5,360.9,247.1,337.9,210.3
371,18,0,0.84,502.3,255.4,547.5,355.8,524.9,305.6
371,21,0,0.855,493.2,171.5,524.7,243.5,508.9,207.5
372,4,0,0.553,743.0,265.3,768.0,355.8,755.5,310.5
372,9,0,0.748,609.6,202.2,638.8,296.7,624.2,249.4
372,24,0,0.709,314.0,174.0,354.9,247.2,334.4,210.6
372,18,0,0.828,502.7,256.0,553.8,356.7,528.2,306.3
372,21,0,0.889,497.2,171.7,527.8,243.0,512.5,207.3
373,4,0,0.399,746.8,265.6,768.0,366.4,757.4,316.0
373,9,0,0.78,614.8,203.6,653.5,298.8,634.2,251.2
373,24,0,0.681,311.5,174.1,351.4,247.5,331.4,210.8
373,18,0,0.797,505.9,256.3,557.9,356.6,531.9,306.4
373,21,0,0.809,503.2,169.8,531.2,241.5,517.2,205.6
374,4,0,0.347,751.2,274.5,768.0,368.3,759.6,321.4
374,9,0,0.814,617.1,205.3,660.4,300.5,638.7,252.9
374,24,0,0.688,308.5,174.5,342.7,249.1,325.6,211.8
374,18,0,0.828,519.8,256.5,564.8,357.0,542.3,306.8
374,21,0,0.815,507.6,167.6,534.4,239.8,521.0,203.7
375,9,0,0.763,620.3,206.1,664.2,301.9,642.3,254.0
375,24,0,0.769,304.5,173.5,335.5,248.8,320.0,211.1
375,18,0,0.839,529.2,258.0,569.8,359.4,549.5,308.7
375,21,0,0.766,512.4,166.4,536.2,237.4,524.3,201.9
376,9,0,0.783,633.6,206.8,671.6,302.5,652.6,254.7
376,24,0,0.672,297.1,172.4,331.4,249.2,314.3,210.8
376,18,0,0.807,537.3,260.0,577.0,364.6,557.2,312.3
376,21,0,0.743,516.3,166.3,543.8,236.2,530.0,201.2
377,9,0,0.704,642.9,206.8,681.1,305.8,662.0,256.3
377,24,0,0.669,293.2,172.2,326.0,248.7,309.6,210.5
377,18,0,0.781,543.7,262.5,580.7,366.2,562.2,314.4
377,21,0,0.741,520.0,166.0,547.7,235.4,533.9,200.7
378,9,0,0.815,647.4,209.1,685.9,309.0,666.7,259.0
378,24,0,0.718,288.2,173.2,319.1,247.6,303.6,210.4
378,18,0,0.806,550.7,263.8,584.4,367.0,567.5,315.4
378,21,0,0.785,524.7,164.4,552.5,233.4,538.6,198.9
379,9,0,0.829,649.6,210.3,691.3,309.0,670.5,259.6
379,24,0,0.738,285.0,175.1,314.0,248.8,299.5,212.0
379,18,0,0.766,556.6,264.4,590.3,367.1,573.5,315.7
379,21,0,0.769,528.8,163.8,557.0,232.1,542.9,198.0
380,9,0,0.775,655.8,212.4,694.9,309.2,675.4,260.8
380,24,0,0.74,279.4,175.3,311.7,252.3,295.6,213.8
380,18,0,0.815,562.5,266.8,606.7,369.8,584.6,318.3
380,21,0,0.83,535.0,163.1,564.6,230.9,549.8,197.0
381,9,0,0.798,665.6,213.2,699.2,308.9,682.4,261.1
381,24,0,0.649,275.2,176.4,304.9,252.0,290.0,214.2
381,18,0,0.795,564.8,268.8,614.2,372.3,589.5,320.6
381,21,0,0.802,539.0,161.2,567.7,230.0,553.4,195.6
382,9,0,0.856,675.4,214.0,703.7,309.4,689.6,261.7
382,24,0,0.66,271.6,177.5,299.1,252.2,285.4,214.9
382,18,0,0.733,567.4,269.4,616.5,373.6,591.9,321.5
382,21,0,0.811,543.1,159.3,569.7,228.2,556.4,193.7
383,9,0,0.82,679.0,215.5,719.3,312.4,699.1,263.9
383,24,0,0.698,264.1,177.7,293.3,255.3,278.7,216.5
383,18,0,0.829,582.5,269.6,624.3,376.0,603.4,322.8
383,21,0,0.85,548.0,157.9,574.9,225.7,561.4,191.8
384,9,0,0.768,681.2,211.7,724.9,314.8,703.0,263.3
384,24,0,0.759,261.8,179.7,290.2,257.1,276.0,218.4
384,18,0,0.812,592.2,271.3,631.8,379.6,612.0,325.4
384,21,0,0.817,551.7,157.3,579.3,223.7,565.5,190.5
385,9,0,0.636,683.1,213.2,729.6,315.6,706.3,264.4
385,24,0,0.733,259.2,181.8,287.6,258.3,273.4,220.1
385,18,0,0.804,597.2,274.2,636.2,381.2,616.7,327.7
385,21,0,0.806,554.6,155.3,582.1,223.1,568.3,189.2
386,9,0,0.737,695.3,215.8,736.9,316.1,716.1,266.0
386,24,0,0.81,254.3,183.8,285.0,259.1,269.7,221.5
386,18,0,0.832,604.0,277.2,644.0,385.1,624.0,331.1
386,21,0,0.77,559.9,152.3,588.1,220.5,574.0,186.4
387,9,0,0.78,704.1,217.5,745.0,319.0,724.5,268.3
387,24,0,0.814,249.6,184.6,286.4,262.0,268.0,223.3
387,18,0,0.784,613.1,279.4,650.3,387.3,631.7,333.4
387,21,0,0.762,563.0,150.4,592.2,219.2,577.6,184.8
388,9,0,0.762,709.8,219.1,749.2,323.3,729.5,271.2
388,24,0,0.764,247.6,185.7,286.5,263.9,267.0,224.8
388,18,0,0.777,619.6,280.3,654.4,388.0,637.0,334.1
388,21,0,0.754,565.4,150.3,594.7,219.4,580.0,184.8
389,9,0,0.714,713.7,222.8,755.5,324.7,734.6,273.7
389,24,0,0.752,249.6,186.8,286.0,266.6,267.8,226.7
389,18,0,0.855,623.3,281.8,670.8,389.7,647.1,335.8
389,21,0,0.727,569.6,149.7,596.4,217.6,583.0,183.6
390,9,0,0.769,722.2,223.9,758.3,325.5,740.3,274.7
390,24,0,0.775,252.1,188.7,285.7,267.1,268.9,227.9
390,18,0,0.857,625.8,283.9,680.8,391.5,653.3,337.7
390,21,0,0.805,572.3,149.9,597.8,214.9,585.1,182.4
391,9,0,0.828,731.7,225.5,762.3,324.1,747.0,274.8
391,24,0,0.78,253.6,190.0,286.0,269.4,269.8,229.7
391,18,0,0.789,628.7,284.6,684.9,391.8,656.8,338.2
391,21,0,0.822,574.1,149.6,600.2,213.4,587.1,181.5
392,9,0,0.759,737.5,224.7,767.8,326.9,752.7,275.8
392,24,0,0.686,254.2,191.4,287.2,272.6,270.7,232.0
392,18,0,0.832,644.8,285.1,691.3,395.2,668.1,340.1
392,21,0,0.816,577.0,147.5,604.0,211.5,590.5,179.5
393,9,0,0.728,739.3,225.7,768.0,326.7,753.6,276.2
393,24,0,0.737,255.0,192.0,287.9,274.1,271.5,233.1
393,18,0,0.793,654.7,287.1,696.6,401.0,675.6,344.1
393,21,0,0.794,579.6,144.2,607.2,210.4,593.4,177.3
394,9,0,0.718,740.7,228.7,768.0,325.7,754.4,277.2
394,24,0,0.761,256.8,192.8,287.9,274.5,272.4,233.6
394,18,0,0.805,659.7,288.8,701.8,403.2,680.7,346.0
394,21,0,0.797,582.6,142.2,609.8,209.6,596.2,175.9
395,24,0,0.772,259.3,195.2,289.5,276.0,274.4,235.6
395,18,0,0.705,665.5,292.1,713.1,406.2,689.3,349.1
395,21,0,0.798,585.0,139.9,613.9,207.9,599.5,173.9
396,24,0,0.802,261.7,198.0,292.7,277.4,277.2,237.7
396,18,0,0.804,675.9,293.8,721.3,407.0,698.6,350.4
396,21,0,0.772,587.2,138.6,615.2,207.1,601.2,172.8
397,24,0,0.784,264.8,198.1,295.6,277.6,280.2,237.9
397,18,0,0.811,683.8,294.6,726.3,407.8,705.1,351.2
397,21,0,0.729,588.3,138.1,615.0,205.7,601.6,171.9
398,24,0,0.757,267.0,198.8,298.0,278.3,282.5,238.5
398,18,0,0.786,688.1,295.9,733.7,407.4,710.9,351.6
398,21,0,0.763,589.2,136.8,615.5,203.8,602.3,170.3
399,24,0,0.729,269.7,200.4,298.7,279.5,284.2,240.0
399,18,0,0.802,688.3,298.1,740.3,408.7,714.3,353.4
399,21,0,0.789,589.7,136.2,616.3,203.1,603.0,169.6
400,24,0,0.769,271.8,200.7,300.9,281.8,286.3,241.2
400,18,0,0.797,689.2,299.9,745.5,410.4,717.3,355.2
400,21,0,0.829,589.8,136.3,617.6,202.4,603.7,169.3
401,24,0,0.795,274.1,201.8,303.0,283.3,288.5,242.5
401,18,0,0.852,691.1,300.8,747.5,411.2,719.3,356.0
401,21,0,0.805,590.2,136.2,618.8,201.8,604.5,169.0
402,24,0,0.484,276.2,207.3,305.2,283.7,290.7,245.5
402,18,0,0.787,700.2,301.2,751.8,411.6,726.0,356.4
402,21,0,0.8,591.0,135.7,618.9,199.6,605.0,167.6
403,24,0,0.674,278.9,208.4,307.7,285.4,293.3,246.9
403,18,0,0.828,710.2,301.4,754.7,412.7,732.5,357.1
403,21,0,0.814,591.5,135.2,617.7,198.2,604.6,166.7
404,24,0,0.8,289.5,207.1,317.7,290.4,303.6,248.7
405,24,0,0.79,294.3,206.4,321.2,292.4,307.7,249.4
405,25,0,0.801,570.0,135.6,600.9,200.6,585.5,168.1
406,24,0,0.743,297.1,205.6,322.2,292.9,309.6,249.2
406,25,0,0.82,569.8,135.7,600.1,200.6,584.9,168.1
407,24,0,0.739,298.1,204.7,322.2,292.9,310.2,248.8
407,25,0,0.814,569.4,135.6,600.0,200.3,584.7,168.0
408,24,0,0.718,298.8,204.0,321.4,292.9,310.1,248.5
408,25,0,0.772,565.2,135.7,601.4,200.4,583.3,168.0
409,24,0,0.738,298.8,203.7,320.7,292.9,309.7,248.3
409,25,0,0.778,570.3,136.5,601.7,200.4,586.0,168.4
410,24,0,0.75,298.6,202.6,320.4,293.0,309.5,247.8
410,25,0,0.807,573.1,137.3,600.6,199.4,586.8,168.3
411,24,0,0.759,298.6,202.7,320.7,292.9,309.6,247.8
411,25,0,0.751,573.6,138.9,599.6,200.3,586.6,169.6
412,24,0,0.779,298.2,202.6,320.9,292.8,309.6,247.7
412,25,0,0.733,572.5,139.9,599.7,201.6,586.1,170.8
413,24,0,0.755,297.7,202.6,322.1,292.9,309.9,247.7
413,25,0,0.757,571.6,140.9,598.5,202.2,585.1,171.5
414,24,0,0.784,296.9,203.0,322.3,292.8,309.6,247.9
414,25,0,0.777,567.8,141.1,594.5,203.1,581.1,172.1
415,24,0,0.834,295.3,203.9,322.9,293.1,309.1,248.5
415,25,0,0.813,564.8,141.3,590.6,204.2,577.7,172.7
416,24,0,0.855,293.5,204.3,323.4,293.1,308.5,248.7
416,25,0,0.802,563.0,141.3,587.6,204.9,575.3,173.1
417,24,0,0.861,292.6,204.4,323.8,293.1,308.2,248.7
417,25,0,0.814,560.0,141.7,585.3,205.6,572.6,173.7
418,24,0,0.862,290.3,204.4,324.6,292.9,307.4,248.6
418,25,0,0.802,558.4,142.8,583.0,206.3,570.7,174.5
419,24,0,0.822,289.4,203.7,324.5,292.8,307.0,248.2
419,25,0,0.778,555.4,144.2,578.7,207.8,567.0,176.0
420,24,0,0.801,291.4,203.5,324.6,293.1,308.0,248.3
420,25,0,0.802,552.5,145.8,575.3,208.3,563.9,177.1
421,24,0,0.779,293.8,202.8,324.4,293.2,309.1,248.0
421,25,0,0.801,549.4,146.9,573.3,210.1,561.3,178.5
422,24,0,0.779,295.3,202.3,323.4,293.2,309.3,247.7
422,25,0,0.771,545.6,147.8,571.0,210.3,558.3,179.1
423,24,0,0.77,296.4,202.1,322.8,292.9,309.6,247.5
423,25,0,0.826,540.9,148.7,567.0,211.4,554.0,180.0
423,26,0,0.834,728.9,281.7,765.2,383.7,747.0,332.7
424,24,0,0.734,297.6,201.5,322.5,292.5,310.1,247.0
424,25,0,0.843,536.9,148.9,563.2,213.4,550.0,181.2
424,26,0,0.822,719.9,278.8,762.1,382.0,741.0,330.4
425,24,0,0.725,298.2,201.4,321.5,292.2,309.8,246.8
425,25,0,0.819,532.1,149.5,560.8,215.2,546.4,182.4
425,26,0,0.769,710.1,276.9,758.9,381.6,734.5,329.2
426,24,0,0.717,298.4,201.9,320.2,292.3,309.3,247.1
426,25,0,0.811,528.6,150.7,559.1,216.9,543.8,183.8
426,26,0,0.821,703.9,277.1,756.3,379.9,730.1,328.5
427,24,0,0.733,298.6,202.9,319.7,292.3,309.2,247.6
427,25,0,0.805,527.0,152.0,556.5,218.1,541.7,185.1
427,26,0,0.673,698.0,275.4,748.7,377.7,723.3,326.5
428,24,0,0.732,298.5,204.6,320.6,292.3,309.6,248.5
428,25,0,0.848,526.9,153.1,554.3,218.5,540.6,185.8
428,26,0,0.817,692.0,273.2,739.3,377.0,715.7,325.1
429,24,0,0.822,296.4,207.2,323.8,292.9,310.1,250.1
429,25,0,0.854,524.7,153.6,551.8,218.8,538.3,186.2
429,26,0,0.802,686.6,272.0,728.8,374.7,707.7,323.4
430,24,0,0.817,295.6,207.2,323.2,293.2,309.4,250.2
430,25,0,0.824,522.4,154.5,550.0,221.2,536.2,187.8
430,26,0,0.762,683.6,271.7,723.0,373.4,703.3,322.6
431,24,0,0.774,295.7,206.3,322.2,293.1,309.0,249.7
431,25,0,0.85,520.0,156.0,547.9,223.4,533.9,189.7
431,26,0,0.733,683.0,270.4,715.2,370.0,699.1,320.2
432,24,0,0.774,295.7,205.7,321.5,293.2,308.6,249.5
432,25,0,0.748,515.9,158.3,544.1,225.8,530.0,192.0
432,26,0,0.769,673.7,268.4,704.9,367.8,689.3,318.1
433,24,0,0.778,296.1,204.8,321.8,293.2,308.9,249.0
433,25,0,0.79,513.6,159.1,541.7,227.5,527.6,193.3
433,26,0,0.835,658.3,266.7,699.3,366.6,678.8,316.6
434,24,0,0.759,296.7,204.4,322.3,292.9,309.5,248.6
434,25,0,0.806,511.5,160.2,539.7,229.5,525.6,194.9
434,26,0,0.808,650.9,265.7,694.7,365.4,672.8,315.6
435,24,0,0.75,297.8,204.2,322.6,292.8,310.2,248.5
435,25,0,0.815,510.0,161.9,537.7,230.9,523.8,196.4
435,26,0,0.799,648.8,264.4,690.7,363.9,669.8,314.1
436,24,0,0.711,298.9,204.1,321.8,291.5,310.3,247.8
436,25,0,0.787,507.4,163.5,534.2,232.0,520.8,197.7
436,26,0,0.827,644.0,261.9,677.7,361.0,660.8,311.5
437,24,0,0.667,299.0,203.6,321.0,290.8,310.0,247.2
437,25,0,0.762,504.9,165.5,530.9,232.5,517.9,199.0
437,26,0,0.815,636.8,262.1,669.8,359.6,653.3,310.9
438,24,0,0.693,299.0,203.0,320.9,290.7,310.0,246.9
438,25,0,0.801,502.1,166.2,529.5,234.9,515.8,200.6
438,26,0,0.755,628.6,260.8,665.4,359.3,647.0,310.0
439,24,0,0.72,299.0,203.0,320.8,290.9,309.9,246.9
439,25,0,0.801,499.6,167.0,527.1,236.2,513.3,201.6
439,26,0,0.84,624.9,259.1,661.2,358.7,643.0,308.9
440,24,0,0.73,299.1,202.8,320.8,290.8,309.9,246.8
440,25,0,0.869,495.1,168.0,523.1,238.3,509.1,203.2
440,26,0,0.821,615.8,256.8,649.9,354.9,632.9,305.8
441,24,0,0.749,299.1,202.6,321.0,290.8,310.0,246.7
441,25,0,0.836,492.6,169.6,520.3,240.4,506.4,205.0
441,26,0,0.818,607.1,255.8,642.6,353.5,624.8,304.6
442,24,0,0.743,299.1,202.3,321.5,290.8,310.3,246.6
442,25,0,0.792,491.1,171.8,519.1,243.0,505.1,207.4
442,26,0,0.782,597.7,254.5,638.7,352.5,618.2,303.5
443,24,0,0.757,299.1,202.8,322.4,290.7,310.8,246.8
443,25,0,0.746,489.6,173.7,518.1,244.8,503.9,209.2
443,26,0,0.817,591.4,253.1,631.6,350.0,611.5,301.6
444,24,0,0.732,298.9,202.5,323.5,289.4,311.2,245.9
444,25,0,0.696,488.6,174.5,517.6,245.7,503.1,210.1
444,26,0,0.877,586.0,251.0,622.8,347.5,604.4,299.3
445,24,0,0.759,298.9,202.3,326.8,288.5,312.8,245.4
445,25,0,0.779,487.9,175.2,517.2,246.2,502.6,210.7
445,26,0,0.834,581.1,249.9,616.3,346.0,598.7,298.0
446,24,0,0.766,299.7,203.2,328.9,288.3,314.3,245.8
446,25,0,0.796,487.1,177.3,516.7,249.3,501.9,213.3
446,26,0,0.83,577.2,249.3,611.9,344.9,594.6,297.1
447,24,0,0.799,301.2,204.4,330.4,287.4,315.8,245.9
447,25,0,0.812,486.6,178.6,515.9,252.6,501.3,215.6
447,26,0,0.85,574.5,249.6,608.5,344.5,591.5,297.0
448,24,0,0.796,303.7,204.8,331.7,286.5,317.7,245.7
448,25,0,0.801,485.6,179.6,515.3,254.4,500.5,217.0
448,26,0,0.829,571.3,247.4,604.4,342.4,587.8,294.9
449,24,0,0.785,307.1,205.5,334.4,287.0,320.7,246.3
449,25,0,0.808,484.9,180.4,515.0,255.3,499.9,217.8
449,26,0,0.836,565.0,243.9,597.3,337.9,581.2,290.9
450,24,0,0.796,309.9,207.0,337.5,288.1,323.7,247.6
450,25,0,0.8,484.4,182.3,515.2,257.3,499.8,219.8
450,26,0,0.844,558.1,242.8,593.5,336.0,575.8,289.4
451,24,0,0.803,311.9,207.5,341.8,288.6,326.9,248.0
451,25,0,0.803,485.1,184.0,515.8,260.0,500.5,222.0
451,26,0,0.817,552.8,241.9,590.5,335.1,571.7,288.5
452,24,0,0.8,313.7,207.0,345.8,288.8,329.7,247.9
452,25,0,0.782,486.2,185.5,517.0,261.5,501.6,223.5
452,26,0,0.81,549.6,241.0,587.8,335.0,568.7,288.0
453,24,0,0.797,317.8,207.6,349.3,289.6,333.5,248.6
453,25,0,0.74,488.8,187.4,519.6,264.7,504.2,226.1
453,26,0,0.829,543.7,239.1,578.7,331.0,561.2,285.0
454,24,0,0.773,321.8,208.7,352.2,290.8,337.0,249.7
454,25,0,0.827,490.4,190.7,521.0,269.1,505.7,229.9
454,26,0,0.819,540.4,237.0,573.1,329.3,556.7,283.2
455,24,0,0.74,324.8,209.5,355.4,292.3,340.1,250.9
455,25,0,0.877,491.9,193.2,522.0,272.1,506.9,232.6
455,26,0,0.796,537.3,236.2,569.3,328.3,553.3,282.2
456,24,0,0.823,330.5,210.2,361.9,293.9,346.2,252.1
456,25,0,0.827,494.6,195.5,524.4,273.6,509.5,234.6
456,26,0,0.774,532.6,234.3,562.8,324.8,547.7,279.6
457,24,0,0.794,335.1,210.2,365.8,295.0,350.4,252.6
457,25,0,0.857,496.3,197.5,526.4,274.5,511.3,236.0
457,26,0,0.775,529.1,231.6,557.6,322.1,543.3,276.9
458,24,0,0.769,338.7,210.4,368.6,295.8,353.6,253.1
458,25,0,0.852,498.4,199.5,529.1,276.9,513.7,238.2
458,26,0,0.773,523.6,230.4,552.9,320.4,538.3,275.4
459,24,0,0.835,342.7,210.4,372.0,296.8,357.3,253.6
459,25,0,0.734,501.3,201.2,531.5,275.4,516.4,238.3
459,26,0,0.694,516.5,229.7,549.5,320.4,533.0,275.0
460,24,0,0.787,348.2,211.6,381.9,298.1,365.0,254.9
460,26,0,0.725,510.3,212.0,546.6,318.2,528.4,265.1
461,24,0,0.803,352.5,211.3,385.5,298.4,369.0,254.9
461,26,0,0.734,506.4,206.3,542.8,316.6,524.6,261.4
462,24,0,0.677,359.5,212.2,396.2,298.9,377.9,255.5
462,26,0,0.76,499.6,217.1,532.2,314.8,515.9,266.0
462,25,0,0.604,515.6,209.8,544.1,287.0,529.8,248.4
463,24,0,0.844,364.6,214.1,405.0,301.4,384.8,257.7
463,26,0,0.863,494.6,219.2,527.7,314.2,511.2,266.7
463,27,0,0.802,734.2,315.9,767.7,444.3,750.9,380.1
463,25,0,0.723,518.0,211.4,546.9,290.3,532.4,250.9
464,24,0,0.854,368.9,216.0,410.5,303.2,389.7,259.6
464,26,0,0.816,490.2,220.7,524.6,312.2,507.4,266.5
464,27,0,0.814,725.5,314.1,764.9,441.4,745.2,377.7
464,25,0,0.823,520.0,212.7,549.7,292.0,534.8,252.3
465,24,0,0.795,378.6,216.4,413.0,304.1,395.8,260.3
465,26,0,0.781,484.8,219.4,514.2,307.1,499.5,263.3
465,27,0,0.827,707.0,312.0,756.4,437.8,731.7,374.9
465,25,0,0.819,522.5,216.5,554.3,296.4,538.4,256.5
466,24,0,0.789,385.1,217.1,414.8,305.9,400.0,261.5
466,26,0,0.759,479.9,217.9,508.6,305.3,494.2,261.6
466,27,0,0.819,700.6,308.9,750.0,435.1,725.3,372.0
466,25,0,0.812,524.8,217.6,557.6,299.6,541.2,258.6
467,24,0,0.767,390.4,217.8,418.1,307.4,404.3,262.6
467,26,0,0.881,470.8,217.4,506.3,305.1,488.6,261.2
467,27,0,0.821,694.9,305.3,743.5,431.1,719.2,368.2
467,25,0,0.806,527.9,218.0,560.5,301.5,544.2,259.8
468,24,0,0.827,396.0,224.8,426.5,309.3,411.3,267.1
468,26,0,0.719,465.0,217.4,500.1,302.6,482.6,260.0
468,27,0,0.845,683.4,300.0,730.9,425.8,707.2,362.9
468,25,0,0.836,533.0,220.8,565.5,305.8,549.3,263.3
469,24,0,0.726,401.7,231.5,430.6,310.1,416.1,270.8
469,26,0,0.799,460.7,216.1,492.8,300.9,476.7,258.5
469,27,0,0.855,674.9,298.4,722.0,422.3,698.5,360.3
469,25,0,0.785,536.2,223.7,568.7,309.9,552.5,266.8
470,24,0,0.501,404.9,214.6,441.7,310.1,423.3,262.3
470,26,0,0.715,457.2,214.0,484.4,300.6,470.8,257.3
470,27,0,0.836,669.4,297.0,715.6,420.6,692.5,358.8
470,25,0,0.826,538.6,226.6,571.2,312.2,554.9,269.4
471,24,0,0.314,408.3,205.6,450.3,313.9,429.3,259.8
471,26,0,0.769,454.7,213.1,480.1,298.3,467.4,255.7
471,27,0,0.795,667.0,294.9,708.5,418.8,687.8,356.8
471,25,0,0.842,541.6,227.3,573.8,314.4,557.7,270.9
472,24,0,0.289,414.7,228.0,453.9,317.6,434.3,272.8
472,26,0,0.777,446.9,212.5,475.4,298.1,461.2,255.3
472,27,0,0.822,660.9,290.2,697.5,411.7,679.2,350.9
472,25,0,0.83,545.6,230.2,579.2,318.0,562.4,274.1
473,26,0,0.403,443.8,210.9,469.9,296.6,456.9,253.8
473,27,0,0.793,647.8,287.3,690.6,409.4,669.2,348.3
473,25,0,0.824,548.9,233.1,583.6,322.2,566.3,277.6
474,27,0,0.788,637.7,285.7,686.1,407.4,661.9,346.5
474,25,0,0.821,553.6,235.1,586.9,324.3,570.3,279.7
475,27,0,0.779,633.2,283.4,681.4,404.4,657.3,343.9
475,25,0,0.859,557.2,235.8,591.2,324.9,574.2,280.4
475,24,0,0.567,432.8,227.8,463.7,319.3,448.2,273.6
476,27,0,0.835,631.0,281.0,677.5,401.9,654.2,341.4
476,25,0,0.826,560.3,236.9,594.5,326.7,577.4,281.8
476,24,0,0.681,435.9,227.2,474.6,323.0,455.2,275.1
477,27,0,0.802,621.5,276.3,666.8,396.6,644.2,336.5
477,25,0,0.859,565.1,240.7,599.1,330.3,582.1,285.5
477,24,0,0.837,443.8,228.9,480.3,325.8,462.1,277.4
478,27,0,0.817,614.7,274.2,659.4,394.0,637.0,334.1
478,25,0,0.879,569.2,242.7,602.6,335.0,585.9,288.9
478,24,0,0.819,451.1,230.6,486.5,326.7,468.8,278.6
479,27,0,0.834,610.9,273.0,654.3,390.1,632.6,331.5
479,25,0,0.879,572.4,243.6,605.8,337.0,589.1,290.3
479,24,0,0.848,455.1,231.9,496.1,329.5,475.6,280.7
480,27,0,0.831,606.7,270.7,645.5,386.1,626.1,328.4
480,25,0,0.822,577.5,248.0,611.8,338.2,594.7,293.1
480,24,0,0.679,461.2,236.0,503.8,333.5,482.5,284.7
481,27,0,0.82,603.7,267.2,640.1,379.8,621.9,323.5
481,25,0,0.842,581.4,250.1,616.0,339.9,598.7,295.0
481,24,0,0.724,466.7,237.6,510.5,334.5,488.6,286.1
482,27,0,0.657,598.4,264.6,636.3,379.1,617.4,321.9
482,25,0,0.76,585.7,251.2,618.9,339.4,602.3,295.3
482,24,0,0.779,472.9,238.9,511.4,336.7,492.2,287.8
483,27,0,0.771,590.8,256.0,630.0,376.9,610.4,316.5
483,24,0,0.78,479.8,241.7,516.0,341.1,497.9,291.4
483,26,0,0.728,390.0,200.3,418.2,280.8,404.1,240.6
484,27,0,0.831,587.2,255.5,628.6,376.4,607.9,316.0
484,24,0,0.814,484.8,243.1,522.1,342.8,503.4,293.0
484,26,0,0.833,382.2,200.2,415.7,279.4,398.9,239.8
485,27,0,0.8,582.2,256.7,626.7,374.0,604.5,315.4
485,24,0,0.766,488.8,243.9,524.5,346.6,506.7,295.3
485,26,0,0.805,378.5,200.3,414.6,279.2,396.6,239.7
486,27,0,0.834,578.3,255.9,619.2,372.5,598.7,314.2
486,24,0,0.846,493.1,245.1,528.0,348.9,510.5,297.0
486,26,0,0.778,376.0,199.0,412.1,278.6,394.1,238.8
486,25,0,0.645,608.2,257.6,636.1,359.0,622.1,308.3
487,27,0,0.862,572.7,254.8,611.8,370.9,592.2,312.9
487,24,0,0.785,497.9,248.7,540.5,350.7,519.2,299.7
487,26,0,0.77,370.9,197.0,400.6,276.6,385.7,236.8
487,25,0,0.839,609.9,259.0,640.7,358.5,625.3,308.8
488,27,0,0.899,570.4,254.6,609.3,369.9,589.8,312.2
488,24,0,0.801,501.9,251.6,549.3,354.6,525.6,303.1
488,26,0,0.811,367.5,195.6,395.1,276.0,381.3,235.8
488,25,0,0.845,609.6,261.1,644.3,359.6,627.0,310.3
489,27,0,0.895,568.7,252.6,606.0,366.2,587.3,309.4
489,24,0,0.793,509.8,254.5,551.9,357.3,530.8,305.9
489,26,0,0.758,363.1,194.7,390.0,273.9,376.5,234.3
489,25,0,0.846,612.5,263.2,648.4,360.0,630.4,311.6
490,27,0,0.888,567.7,250.8,604.5,362.4,586.1,306.6
490,24,0,0.802,515.8,256.1,552.5,358.9,534.2,307.5
490,26,0,0.751,359.6,193.2,385.3,271.5,372.5,232.4
490,25,0,0.861,614.2,264.0,650.9,359.8,632.5,311.9
491,27,0,0.883,566.4,249.9,603.7,359.2,585.1,304.6
491,24,0,0.836,520.0,257.9,553.6,359.3,536.8,308.6
491,26,0,0.76,355.4,192.5,380.9,270.4,368.1,231.5
491,25,0,0.836,615.6,264.4,652.4,359.3,634.0,311.8
492,27,0,0.874,565.4,248.5,603.6,357.1,584.5,302.8
492,24,0,0.811,523.8,259.7,557.6,363.2,540.7,311.5
492,26,0,0.77,351.1,191.1,377.6,269.6,364.3,230.4
492,25,0,0.812,616.3,265.5,653.2,358.7,634.7,312.1
493,27,0,0.851,564.8,247.0,603.0,355.5,583.9,301.2
493,24,0,0.801,529.8,262.9,565.9,366.6,547.8,314.8
493,26,0,0.85,343.0,190.9,376.1,269.0,359.5,230.0
493,25,0,0.835,615.9,266.8,652.7,361.2,634.3,314.0
494,27,0,0.77,565.3,245.3,601.0,354.2,583.2,299.8
494,24,0,0.826,534.0,264.3,573.5,368.1,553.7,316.2
494,26,0,0.805,338.7,191.1,373.7,269.0,356.2,230.0
494,25,0,0.836,615.3,267.9,652.1,363.7,633.7,315.8
495,27,0,0.637,565.3,243.1,596.9,353.8,581.1,298.5
495,24,0,0.776,537.3,267.1,577.7,372.7,557.5,319.9
495,26,0,0.799,334.7,191.8,368.8,268.1,351.7,229.9
495,25,0,0.867,614.1,268.5,651.2,364.2,632.6,316.4
496,27,0,0.448,562.5,241.6,594.1,347.3,578.3,294.4
496,24,0,0.524,544.8,275.0,586.9,378.9,565.8,326.9
496,26,0,0.727,327.6,190.9,357.3,267.2,342.5,229.0
496,25,0,0.846,612.2,269.2,648.7,366.1,630.4,317.7
497,27,0,0.566,561.1,240.5,592.3,308.8,576.7,274.7
497,24,0,0.588,550.9,274.3,593.8,380.0,572.4,327.2
497,26,0,0.768,323.2,190.6,352.6,267.0,337.9,228.8
497,25,0,0.809,611.3,269.9,647.2,369.5,629.2,319.7
498,27,0,0.541,558.2,239.5,592.0,301.5,575.1,270.5
498,24,0,0.743,559.9,277.1,598.4,383.6,579.2,330.3
498,26,0,0.76,315.5,189.3,348.6,266.5,332.0,227.9
498,25,0,0.772,612.6,273.0,643.1,371.2,627.8,322.1
499,27,0,0.588,556.6,238.8,594.3,301.6,575.4,270.2
499,24,0,0.656,566.6,281.8,602.9,387.1,584.8,334.4
499,26,0,0.636,311.4,188.4,342.1,265.4,326.7,226.9
499,25,0,0.758,613.3,274.0,642.2,372.0,627.8,323.0
500,27,0,0.561,555.7,238.0,593.7,326.8,574.7,282.4
500,24,0,0.8,569.7,282.9,610.6,391.3,590.1,337.1
500,26,0,0.737,307.3,188.6,334.1,264.9,320.7,226.8
500,25,0,0.811,613.5,274.9,641.3,372.5,627.4,323.7
501,27,0,0.852,555.4,237.9,593.0,339.2,574.2,288.6
501,24,0,0.751,571.9,284.4,614.0,392.2,592.9,338.3
501,26,0,0.741,304.1,188.0,330.7,264.6,317.4,226.3
501,25,0,0.772,613.4,274.3,641.3,372.4,627.3,323.3
502,27,0,0.876,555.2,236.1,591.9,343.0,573.6,289.5
502,24,0,0.764,579.8,284.9,617.7,394.4,598.8,339.7
502,26,0,0.88,294.3,188.3,329.1,265.3,311.7,226.8
502,25,0,0.799,614.5,274.9,642.1,372.5,628.3,323.7
503,27,0,0.916,555.3,232.2,591.5,340.5,573.4,286.4
503,24,0,0.645,591.8,288.8,629.2,399.5,610.5,344.1
503,26,0,0.83,289.6,186.5,326.3,265.1,307.9,225.8
503,25,0,0.52,616.4,275.2,644.1,372.1,630.2,323.6
504,27,0,0.906,554.6,230.1,590.7,338.5,572.6,284.3
504,24,0,0.671,597.4,279.4,642.6,404.3,620.0,341.8
504,26,0,0.759,286.2,187.0,319.6,264.0,302.9,225.5
504,25,0,0.358,607.7,274.2,646.1,371.9,626.9,323.0
504,28,0,0.743,722.7,445.2,767.7,576.0,745.2,510.6
504,29,0,0.705,735.5,238.4,767.5,332.0,751.5,285.2
505,27,0,0.891,552.5,227.6,590.0,336.9,571.3,282.2
505,24,0,0.586,602.6,275.7,648.3,407.5,625.5,341.6
505,26,0,0.643,283.8,186.9,310.3,263.0,297.1,224.9
505,25,0,0.35,610.1,273.4,647.5,373.0,628.8,323.2
505,28,0,0.781,721.6,443.3,767.5,575.0,744.6,509.1
505,29,0,0.723,735.8,237.7,767.4,332.1,751.6,284.9
506,27,0,0.865,549.0,227.2,586.1,333.7,567.5,280.5
506,24,0,0.735,610.6,273.8,651.5,407.9,631.1,340.8
506,26,0,0.747,276.5,185.0,304.6,262.4,290.6,223.7
506,28,0,0.549,711.3,448.3,766.2,575.7,738.8,512.0
506,29,0,0.857,726.5,233.0,764.0,331.5,745.2,282.2
507,27,0,0.862,545.4,226.0,583.5,332.6,564.4,279.3
507,24,0,0.783,614.6,272.9,657.3,411.4,635.9,342.2
507,26,0,0.702,271.1,185.3,302.1,262.5,286.6,223.9
507,28,0,0.533,686.0,448.5,765.7,575.9,725.9,512.2
507,29,0,0.791,721.9,232.1,761.0,330.5,741.4,281.3
508,27,0,0.843,542.7,224.4,580.3,330.4,561.5,277.4
508,24,0,0.682,619.6,291.0,670.0,415.1,644.8,353.0
508,26,0,0.718,267.1,184.5,298.7,261.4,282.9,222.9
508,28,0,0.809,664.1,445.8,761.0,576.0,712.5,510.9
508,29,0,0.746,719.1,232.0,757.7,328.7,738.4,280.3
509,27,0,0.819,538.4,223.7,573.6,326.9,556.0,275.3
509,24,0,0.768,634.6,302.5,679.3,416.6,657.0,359.5
509,26,0,0.661,265.2,183.1,291.5,258.5,278.4,220.8
509,28,0,0.482,660.6,442.6,744.7,576.0,702.6,509.3
509,29,0,0.783,713.8,229.5,750.0,326.1,731.9,277.8
509,25,0,0.824,612.7,273.1,649.3,371.6,631.0,322.4
510,27,0,0.812,536.2,223.2,569.5,323.9,552.8,273.5
510,24,0,0.814,646.9,307.0,691.6,416.9,669.3,361.9
510,26,0,0.803,261.9,182.8,287.9,257.4,274.9,220.1
510,28,0,0.685,650.1,439.2,725.4,576.0,687.7,507.6
510,29,0,0.775,710.2,227.2,744.2,321.2,727.2,274.2
510,25,0,0.839,612.1,272.6,649.3,371.4,630.7,322.0
511,27,0,0.795,532.9,223.0,566.3,323.6,549.6,273.3
511,24,0,0.758,654.1,309.3,703.4,422.2,678.7,365.7
511,26,0,0.847,254.9,182.5,286.9,257.8,270.9,220.2
511,28,0,0.63,635.9,434.2,701.6,574.6,668.8,504.4
511,29,0,0.718,706.9,226.4,740.3,319.9,723.6,273.1
511,25,0,0.833,611.4,272.7,649.7,371.5,630.6,322.1
512,27,0,0.783,529.3,221.4,563.5,323.3,546.4,272.4
512,24,0,0.807,657.1,312.4,711.8,424.9,684.5,368.6
512,26,0,0.76,251.0,183.2,285.8,257.2,268.4,220.2
512,28,0,0.543,615.3,437.2,693.9,575.5,654.6,506.3
512,29,0,0.712,701.9,225.0,736.1,317.7,719.0,271.4
512,25,0,0.842,611.0,273.2,650.0,371.6,630.5,322.4
513,27,0,0.765,527.2,219.0,558.8,321.7,543.0,270.4
513,24,0,0.779,663.5,313.7,716.5,427.0,690.0,370.4
513,26,0,0.712,248.8,183.3,284.2,257.3,266.5,220.3
513,28,0,0.687,596.3,436.0,687.5,575.8,641.9,505.9
513,29,0,0.693,693.6,223.3,732.4,318.5,713.0,270.9
513,25,0,0.86,610.8,273.3,650.2,371.6,630.5,322.4
514,27,0,0.74,520.9,216.1,550.3,317.7,535.6,266.9
514,24,0,0.804,681.7,314.5,724.7,427.4,703.2,371.0
514,26,0,0.788,245.1,180.9,274.7,256.4,259.9,218.7
514,28,0,0.819,587.1,428.0,678.8,576.0,632.9,502.0
514,29,0,0.67,688.0,220.4,728.1,316.2,708.0,268.3
514,25,0,0.866,610.7,273.4,650.5,371.6,630.6,322.5
515,27,0,0.752,514.6,214.4,545.6,315.0,530.1,264.7
515,24,0,0.7,688.7,316.8,736.6,432.0,712.7,374.4
515,26,0,0.754,242.2,179.8,269.0,255.7,255.6,217.7
515,28,0,0.816,576.4,424.4,662.3,576.0,619.3,500.2
515,29,0,0.678,684.5,219.4,721.3,312.8,702.9,266.1
515,25,0,0.876,610.7,273.6,650.5,371.7,630.6,322.7
516,27,0,0.789,507.8,213.3,541.8,312.5,524.8,262.9
516,24,0,0.69,698.0,319.2,744.8,437.0,721.4,378.1
516,26,0,0.811,237.6,179.7,265.8,254.8,251.7,217.3
516,28,0,0.725,552.1,423.9,631.8,576.0,591.9,500.0
516,29,0,0.727,676.4,218.5,712.4,310.5,694.4,264.5
516,25,0,0.854,611.8,273.4,651.2,371.1,631.5,322.3
517,27,0,0.783,503.4,211.2,540.5,311.4,522.0,261.3
517,24,0,0.775,707.1,320.9,756.5,437.2,731.8,379.1
517,26,0,0.715,235.7,179.3,262.8,254.1,249.3,216.7
517,28,0,0.805,530.3,426.2,617.3,576.0,573.8,501.1
517,29,0,0.779,672.3,218.2,707.9,309.9,690.1,264.1
517,25,0,0.824,612.9,273.3,651.8,370.7,632.4,322.0
518,27,0,0.846,498.9,210.2,536.1,308.7,517.5,259.5
518,24,0,0.818,713.9,323.1,766.9,441.0,740.4,382.1
518,26,0,0.763,232.5,179.0,257.7,252.9,245.1,215.9
518,28,0,0.834,517.1,428.7,611.3,576.0,564.2,502.3
518,29,0,0.795,670.2,216.7,705.0,308.9,687.6,262.8
518,25,0,0.781,615.0,272.1,653.3,369.2,634.2,320.7
519,27,0,0.815,493.2,207.3,527.8,305.8,510.5,256.6
519,24,0,0.767,725.2,327.8,768.0,447.4,746.6,387.6
519,26,0,0.78,228.1,178.3,254.6,251.9,241.3,215.1
519,28,0,0.808,504.2,418.8,591.2,576.0,547.7,497.4
519,29,0,0.771,666.4,213.7,698.6,304.8,682.5,259.3
519,25,0,0.797,619.8,270.9,655.1,367.0,637.5,318.9
520,27,0,0.836,488.6,206.0,522.9,303.4,505.8,254.7
520,24,0,0.689,735.0,328.9,768.0,450.9,751.5,389.9
520,26,0,0.813,222.7,177.7,252.5,251.3,237.6,214.5
520,28,0,0.859,496.0,414.1,564.2,576.0,530.1,495.1
520,29,0,0.708,662.2,210.4,693.4,302.2,677.8,256.3
520,25,0,0.738,623.4,270.7,655.6,366.3,639.5,318.5
521,27,0,0.822,485.3,205.0,519.7,303.5,502.5,254.2
521,24,0,0.563,748.1,337.4,768.0,453.5,758.0,395.4
521,26,0,0.786,219.9,177.8,251.5,251.5,235.7,214.6
521,28,0,0.826,484.6,410.7,545.9,575.9,515.2,493.3
521,29,0,0.777,657.7,209.4,691.0,300.6,674.4,255.0
521,25,0,0.774,627.5,270.2,657.7,366.7,642.6,318.5
522,27,0,0.838,483.4,204.0,517.2,302.5,500.3,253.2
522,24,0,0.505,754.0,337.5,768.0,453.5,761.0,395.5
522,26,0,0.805,217.7,176.4,249.8,250.9,233.7,213.6
522,28,0,0.837,455.2,410.1,538.4,576.0,496.8,493.0
522,29,0,0.742,653.4,209.2,687.7,301.6,670.5,255.4
522,25,0,0.732,629.5,270.1,657.9,366.1,643.7,318.1
523,27,0,0.818,480.9,200.5,511.0,297.4,496.0,248.9
523,26,0,0.794,213.2,175.1,240.2,248.4,226.7,211.7
523,28,0,0.843,438.6,405.2,529.1,576.0,483.8,490.6
523,29,0,0.727,645.9,207.0,681.8,297.4,663.9,252.2
523,25,0,0.651,632.3,267.9,658.6,365.7,645.5,316.8
524,27,0,0.781,478.4,198.1,507.0,293.7,492.7,245.9
524,26,0,0.688,210.5,174.8,235.3,247.6,222.9,211.2
524,28,0,0.795,430.5,404.0,512.5,571.9,471.5,487.9
524,29,0,0.759,640.5,205.2,675.9,292.6,658.2,248.9
524,25,0,0.65,632.6,269.2,660.7,366.0,646.7,317.6
525,27,0,0.757,473.8,197.1,504.1,292.8,489.0,245.0
525,26,0,0.725,207.1,175.3,233.2,247.9,220.1,211.6
525,28,0,0.711,417.4,398.9,488.5,569.9,452.9,484.4
525,29,0,0.63,635.3,202.9,670.6,286.6,653.0,244.8
525,25,0,0.581,632.4,271.5,662.9,366.1,647.7,318.8
526,27,0,0.757,471.3,197.5,501.7,292.3,486.5,244.9
526,26,0,0.735,205.1,174.6,231.4,248.1,218.3,211.4
526,28,0,0.825,399.4,396.1,474.5,569.7,437.0,482.9
526,29,0,0.7,630.7,201.9,667.5,281.7,649.1,241.8
526,25,0,0.685,632.5,270.0,663.4,365.9,647.9,318.0
527,27,0,0.83,466.6,195.4,498.8,290.6,482.7,243.0
527,26,0,0.753,200.1,173.0,225.9,245.4,213.0,209.2
527,28,0,0.893,376.0,397.0,466.3,569.6,421.1,483.3
527,29,0,0.732,628.1,201.0,662.6,281.3,645.3,241.2
527,25,0,0.769,632.5,269.0,664.6,365.4,648.6,317.2
528,27,0,0.867,462.1,193.8,495.7,286.9,478.9,240.3
528,26,0,0.701,197.5,172.7,222.0,244.1,209.7,208.4
528,28,0,0.86,363.6,396.3,458.4,567.3,411.0,481.8
528,29,0,0.765,627.2,199.9,659.4,281.3,643.3,240.6
528,25,0,0.813,632.5,268.6,665.7,365.5,649.1,317.0
529,27,0,0.845,459.2,192.4,492.9,285.4,476.0,238.9
529,26,0,0.786,193.4,172.8,220.7,243.6,207.0,208.2
529,28,0,0.809,359.1,392.7,445.9,563.2,402.5,477.9
529,29,0,0.755,625.7,197.1,657.6,281.3,641.7,239.2
529,25,0,0.822,632.8,268.8,666.5,366.0,649.7,317.4
530,27,0,0.814,456.7,191.5,488.9,283.3,472.8,237.4
530,26,0,0.723,188.8,172.0,219.5,243.3,204.2,207.6
530,28,0,0.703,346.8,391.9,418.6,555.6,382.7,473.7
530,29,0,0.837,621.9,194.7,655.4,279.3,638.6,237.0
530,25,0,0.838,633.2,270.0,667.0,368.5,650.1,319.3
531,27,0,0.787,455.1,191.1,487.0,282.8,471.0,237.0
531,26,0,0.768,185.6,171.6,215.9,242.6,200.8,207.1
531,28,0,0.785,322.3,395.1,398.7,552.8,360.5,474.0
531,29,0,0.856,619.6,193.7,654.5,278.1,637.1,235.9
531,25,0,0.823,633.5,271.7,668.0,368.5,650.8,320.1
532,27,0,0.798,454.1,189.4,484.0,281.0,469.0,235.2
532,26,0,0.792,182.9,171.8,211.8,241.9,197.4,206.9
532,28,0,0.811,307.9,398.3,389.8,552.8,348.9,475.6
532,29,0,0.759,617.5,192.4,654.3,276.5,635.9,234.5
532,25,0,0.809,634.0,272.5,668.8,370.8,651.4,321.6
533,27,0,0.81,453.0,188.4,481.9,279.2,467.4,233.8
533,26,0,0.765,181.1,170.8,205.5,242.0,193.3,206.4
533,28,0,0.788,301.7,398.5,384.3,550.3,343.0,474.4
533,29,0,0.807,615.5,190.8,653.6,274.4,634.5,232.6
533,25,0,0.83,633.8,273.3,669.1,373.2,651.5,323.3
533,30,0,0.676,347.4,386.7,405.9,524.7,376.7,455.7
534,27,0,0.788,451.5,186.5,479.6,276.8,465.5,231.6
534,26,0,0.67,178.7,170.5,202.1,240.5,190.4,205.5
534,28,0,0.818,294.9,396.6,374.3,543.3,334.6,470.0
534,29,0,0.781,613.6,188.7,651.7,272.6,632.6,230.7
534,25,0,0.836,633.3,273.9,669.9,374.3,651.6,324.1
534,30,0,0.749,340.2,385.5,404.9,527.1,372.5,456.3
535,27,0,0.805,447.4,184.6,476.9,275.1,462.1,229.9
535,26,0,0.684,175.0,170.1,200.0,239.6,187.5,204.8
535,28,0,0.807,271.1,391.7,341.8,537.8,306.5,464.8
535,29,0,0.849,611.2,185.4,650.3,270.6,630.8,228.0
535,25,0,0.864,633.5,276.8,671.9,377.5,652.7,327.2
535,30,0,0.812,325.3,382.5,378.3,522.5,351.8,452.5
536,27,0,0.798,445.1,183.7,475.7,273.5,460.4,228.6
536,26,0,0.756,167.9,169.0,196.7,238.9,182.3,203.9
536,28,0,0.835,257.4,389.7,329.5,537.2,293.4,463.5
536,29,0,0.857,610.0,184.0,649.2,269.8,629.6,226.9
536,25,0,0.857,634.3,278.8,673.4,379.9,653.8,329.4
536,30,0,0.771,316.4,380.8,362.6,517.6,339.5,449.2
537,27,0,0.79,443.2,181.3,474.9,272.2,459.1,226.7
537,26,0,0.783,165.3,168.5,192.5,237.9,178.9,203.2
537,28,0,0.868,247.2,389.1,325.3,536.7,286.2,462.9
537,29,0,0.85,610.0,183.0,648.1,269.4,629.0,226.2
537,25,0,0.82,634.9,280.9,674.6,382.2,654.7,331.5
537,30,0,0.74,309.6,381.7,356.7,516.0,333.2,448.8
538,27,0,0.854,440.1,178.4,471.8,268.7,456.0,223.6
538,26,0,0.72,162.2,169.2,190.5,237.6,176.3,203.4
538,28,0,0.841,233.8,387.4,317.7,533.3,275.7,460.3
538,29,0,0.85,609.3,180.8,645.7,264.7,627.5,222.8
538,25,0,0.843,637.6,282.0,676.7,385.1,657.2,333.6
538,30,0,0.807,296.5,380.9,354.5,516.3,325.5,448.6
539,27,0,0.848,438.0,177.0,468.3,267.3,453.1,222.2
539,26,0,0.745,159.9,169.5,189.4,237.0,174.6,203.2
539,28,0,0.774,229.6,383.2,305.4,530.5,267.5,456.9
539,29,0,0.852,607.8,179.2,644.6,262.2,626.2,220.7
539,25,0,0.839,639.3,283.8,678.5,386.3,658.9,335.0
539,30,0,0.79,287.1,378.8,350.2,513.5,318.6,446.1
540,27,0,0.813,436.2,176.2,465.7,266.6,451.0,221.4
540,26,0,0.751,157.8,169.5,186.5,237.1,172.2,203.3
540,28,0,0.717,227.9,380.7,286.1,528.6,257.0,454.7
540,29,0,0.809,606.1,178.0,642.6,260.6,624.4,219.3
540,25,0,0.847,639.7,285.8,679.4,388.2,659.6,337.0
540,30,0,0.804,281.0,377.1,340.0,512.5,310.5,444.8
541,27,0,0.781,433.9,175.9,464.0,265.8,448.9,220.8
541,26,0,0.736,156.2,168.3,182.4,236.4,169.3,202.4
541,28,0,0.78,226.3,379.1,277.0,524.7,251.6,451.9
541,29,0,0.803,605.0,177.7,640.5,260.0,622.8,218.9
541,25,0,0.84,639.5,287.6,679.7,391.1,659.6,339.3
541,30,0,0.811,274.2,375.9,327.3,512.7,300.7,444.3
542,27,0,0.758,432.1,174.4,462.0,265.4,447.1,219.9
542,26,0,0.744,153.9,167.7,179.3,235.5,166.6,201.6
542,28,0,0.87,212.5,378.3,272.6,524.1,242.5,451.2
542,29,0,0.811,603.9,177.7,638.6,257.1,621.2,217.4
542,25,0,0.835,639.3,289.8,679.7,395.3,659.5,342.5
542,30,0,0.833,270.3,375.3,320.6,510.9,295.4,443.1
543,27,0,0.717,430.5,172.5,459.9,263.3,445.2,217.9
543,26,0,0.757,149.3,166.9,178.0,235.6,163.6,201.2
543,28,0,0.849,203.0,377.8,270.4,523.6,236.7,450.7
543,29,0,0.739,601.5,176.6,636.7,255.7,619.1,216.1
543,25,0,0.852,638.1,292.6,678.6,398.4,658.4,345.5
543,30,0,0.84,266.9,374.3,318.0,511.6,292.4,442.9
544,26,0,0.719,145.3,166.1,175.1,235.4,160.2,200.7
544,28,0,0.87,194.0,377.5,266.9,521.9,230.5,449.7
544,29,0,0.853,598.2,173.6,633.7,252.8,616.0,213.2
544,25,0,0.834,631.8,293.7,677.0,399.2,654.4,346.5
544,30,0,0.852,261.8,373.0,313.7,511.0,287.7,442.0
545,26,0,0.705,143.3,165.5,171.8,234.9,157.5,200.2
545,28,0,0.884,184.8,375.6,261.5,520.4,223.2,448.0
545,29,0,0.86,597.3,172.1,632.5,252.0,614.9,212.1
545,25,0,0.881,631.2,294.1,676.0,401.2,653.6,347.7
545,30,0,0.82,258.0,371.2,310.4,510.4,284.2,440.8
546,26,0,0.733,141.7,166.1,164.1,233.1,152.9,199.6
546,28,0,0.848,177.0,373.5,251.5,518.3,214.2,445.9
546,29,0,0.857,598.1,171.1,632.3,252.1,615.2,211.6
546,25,0,0.842,629.6,294.9,674.8,404.0,652.2,349.4
546,30,0,0.859,251.9,370.7,304.2,509.3,278.0,440.0
547,26,0,0.794,139.1,165.9,159.9,232.9,149.5,199.4
547,28,0,0.884,172.1,372.2,239.7,518.5,205.9,445.3
547,29,0,0.852,598.6,170.1,631.8,250.4,615.2,210.2
547,25,0,0.832,630.3,296.5,673.3,406.6,651.8,351.5
547,30,0,0.835,248.2,370.1,297.3,507.2,272.7,438.7
548,26,0,0.79,130.6,165.6,159.2,233.8,144.9,199.7
548,28,0,0.887,167.8,371.0,231.7,519.0,199.7,445.0
548,29,0,0.823,598.6,167.6,631.8,246.1,615.2,206.8
548,25,0,0.732,635.2,300.2,672.0,409.9,653.6,355.1
548,30,0,0.876,241.5,370.0,293.1,506.8,267.3,438.4
549,26,0,0.75,126.4,165.4,158.1,233.7,142.2,199.6
549,28,0,0.864,165.8,369.9,228.0,518.0,196.9,443.9
549,29,0,0.806,597.4,166.1,631.4,243.5,614.4,204.8
549,25,0,0.721,638.0,301.9,671.6,409.7,654.8,355.8
549,30,0,0.872,237.0,371.2,290.7,506.5,263.8,438.8
550,26,0,0.689,124.3,165.9,152.6,232.7,138.5,199.3
550,28,0,0.864,164.7,367.8,224.0,514.4,194.3,441.1
550,29,0,0.793,596.0,165.5,630.0,242.5,613.0,204.0
550,25,0,0.728,639.6,303.2,670.9,410.6,655.3,356.9
550,30,0,0.841,233.7,373.4,287.3,508.8,260.5,441.1
551,26,0,0.773,122.0,166.2,146.7,232.0,134.3,199.1
551,28,0,0.877,162.9,365.0,223.0,507.5,192.9,436.2
551,29,0,0.794,594.5,165.4,628.0,241.7,611.2,203.6
551,25,0,0.731,639.9,303.9,670.0,410.9,655.0,357.4
551,30,0,0.835,230.0,373.6,282.1,509.3,256.0,441.4
552,26,0,0.737,119.6,166.0,141.2,231.8,130.4,198.9
552,28,0,0.868,161.8,362.8,221.3,502.4,191.6,432.6
552,29,0,0.769,593.1,164.5,625.4,240.9,609.3,202.7
552,25,0,0.739,639.7,304.6,669.4,410.7,654.6,357.7
552,30,0,0.807,225.2,371.2,280.4,510.0,252.8,440.6
553,26,0,0.709,112.0,165.4,138.1,232.2,125.1,198.8
553,28,0,0.861,161.9,360.1,218.1,501.9,190.0,431.0
553,29,0,0.76,588.6,161.4,622.5,237.4,605.5,199.4
553,25,0,0.728,640.7,305.4,670.2,411.6,655.4,358.5
553,30,0,0.846,220.6,373.6,269.3,513.7,245.0,443.6
554,26,0,0.732,106.5,167.0,137.2,233.7,121.8,200.3
554,28,0,0.866,163.9,358.3,216.2,501.4,190.1,429.9
554,29,0,0.76,586.5,159.2,620.1,235.8,603.3,197.5
554,25,0,0.737,640.8,305.7,670.8,411.6,655.8,358.7
554,30,0,0.855,217.4,376.3,263.5,520.5,240.5,448.4
555,26,0,0.702,103.4,166.5,134.9,234.5,119.2,200.5
555,28,0,0.881,165.8,357.5,215.3,499.8,190.6,428.7
555,29,0,0.77,585.6,158.2,619.0,234.7,602.3,196.5
555,25,0,0.739,641.1,305.8,671.1,411.4,656.1,358.6
555,30,0,0.851,214.8,379.6,264.1,523.7,239.4,451.7
556,26,0,0.701,98.6,166.0,123.0,233.0,110.8,199.5
556,28,0,0.812,166.9,356.2,213.7,495.2,190.3,425.7
556,29,0,0.771,584.2,157.1,618.2,232.7,601.2,194.9
556,25,0,0.775,639.8,305.2,671.5,410.9,655.7,358.1
556,30,0,0.81,207.9,381.2,266.5,525.1,237.2,453.2
556,27,0,0.666,391.8,160.2,419.1,237.5,405.5,198.9
557,26,0,0.694,93.9,166.1,116.9,233.8,105.4,200.0
557,28,0,0.779,167.3,354.1,211.7,492.5,189.5,423.3
557,29,0,0.788,583.5,156.8,617.1,232.2,600.3,194.5
557,25,0,0.759,640.2,305.5,671.9,411.3,656.1,358.4
557,30,0,0.825,204.1,382.6,265.9,526.2,235.0,454.4
557,27,0,0.528,389.5,159.8,419.3,237.5,404.4,198.6
558,26,0,0.742,88.8,167.1,116.1,235.5,102.5,201.3
558,28,0,0.788,168.8,353.0,208.7,492.1,188.7,422.6
558,29,0,0.8,583.2,156.6,616.2,232.2,599.7,194.4
558,25,0,0.754,640.7,305.6,672.1,411.5,656.4,358.5
558,30,0,0.817,201.2,387.2,262.6,528.3,231.9,457.7
558,27,0,0.702,385.6,159.0,417.1,237.2,401.4,198.1
559,26,0,0.759,84.5,169.6,115.1,236.2,99.8,202.9
559,28,0,0.764,170.1,352.6,207.3,491.9,188.7,422.2
559,29,0,0.777,583.4,156.7,615.7,232.2,599.5,194.5
559,25,0,0.743,640.9,305.5,672.1,411.5,656.5,358.5
559,30,0,0.7,195.8,391.5,254.4,531.3,225.1,461.4
559,27,0,0.73,382.0,156.3,414.6,236.6,398.3,196.4
560,26,0,0.695,81.4,170.7,108.9,236.9,95.2,203.8
560,28,0,0.709,172.1,352.5,208.1,491.5,190.1,422.0
560,29,0,0.772,583.5,157.1,615.7,232.6,599.6,194.9
560,25,0,0.739,641.0,305.5,672.1,411.6,656.6,358.5
560,30,0,0.746,189.6,394.0,248.1,536.1,218.8,465.0
560,27,0,0.797,378.8,155.1,411.2,235.3,395.0,195.2
561,26,0,0.577,79.0,171.2,105.8,237.4,92.4,204.3
561,29,0,0.745,583.4,157.1,615.3,232.8,599.4,195.0
561,25,0,0.741,641.0,305.4,672.0,411.6,656.5,358.5
561,30,0,0.699,182.3,394.1,245.6,538.6,214.0,466.4
561,27,0,0.854,376.7,155.6,406.0,234.4,391.4,195.0
562,26,0,0.67,72.8,171.0,98.0,238.0,85.4,204.5
562,29,0,0.764,583.7,157.9,614.9,233.3,599.3,195.6
562,25,0,0.744,640.8,305.3,671.9,411.4,656.4,358.4
562,30,0,0.839,180.4,367.3,246.6,538.7,213.5,453.0
562,27,0,0.768,373.7,153.9,401.5,234.6,387.6,194.2
563,26,0,0.737,65.7,171.2,95.9,238.8,80.8,205.0
563,29,0,0.754,586.8,158.2,614.7,233.2,600.8,195.7
563,25,0,0.737,640.4,304.8,671.9,410.7,656.2,357.7
563,30,0,0.835,180.2,357.6,245.2,542.7,212.7,450.1
563,27,0,0.798,371.8,153.0,398.3,233.2,385.0,193.1
564,26,0,0.74,61.8,173.0,94.6,239.8,78.2,206.4
564,29,0,0.731,587.3,158.1,613.2,232.6,600.2,195.4
564,25,0,0.744,640.2,304.7,671.9,410.4,656.0,357.5
564,30,0,0.848,179.5,352.8,241.3,546.7,210.4,449.7
564,27,0,0.813,368.7,151.5,393.8,230.9,381.3,191.2
565,26,0,0.616,56.7,173.1,83.0,239.3,69.9,206.2
565,29,0,0.744,586.0,158.7,610.1,232.8,598.0,195.7
565,25,0,0.744,640.2,305.1,671.8,410.9,656.0,358.0
565,30,0,0.835,179.2,349.2,254.6,553.4,216.9,451.3
565,27,0,0.735,362.8,150.8,388.4,229.2,375.6,190.0
566,26,0,0.686,52.1,173.5,75.1,240.2,63.6,206.9
566,29,0,0.743,584.2,159.2,608.7,233.0,596.4,196.1
566,25,0,0.749,639.9,304.8,671.7,410.4,655.8,357.6
566,30,0,0.842,178.2,347.3,258.5,556.5,218.4,451.9
566,27,0,0.776,359.0,150.3,385.8,228.0,372.4,189.1
567,26,0,0.682,46.5,174.5,72.3,241.2,59.4,207.8
567,29,0,0.73,581.9,158.9,606.3,234.2,594.1,196.6
567,25,0,0.753,639.7,304.7,671.5,410.2,655.6,357.5
567,30,0,0.799,177.5,384.2,259.5,558.2,218.5,471.2
567,27,0,0.789,355.1,149.9,384.7,227.4,369.9,188.7
568,26,0,0.741,38.3,174.5,70.4,242.9,54.4,208.7
568,29,0,0.76,577.0,159.6,602.6,235.1,589.8,197.3
568,25,0,0.753,639.6,304.8,671.4,410.1,655.5,357.4
568,30,0,0.788,176.7,403.3,253.3,558.1,215.0,480.7
568,27,0,0.736,349.0,148.9,378.7,225.9,363.9,187.4
569,26,0,0.573,34.2,174.4,60.8,243.5,47.5,209.0
569,29,0,0.78,573.0,160.4,601.3,235.7,587.2,198.1
569,25,0,0.756,639.6,304.8,671.4,410.1,655.5,357.5
569,30,0,0.796,177.1,410.9,246.7,560.3,211.9,485.6
569,27,0,0.772,344.4,148.4,373.8,227.0,359.1,187.7
570,26,0,0.652,28.2,173.9,50.5,243.1,39.4,208.5
570,29,0,0.786,569.9,162.4,597.7,236.6,583.8,199.5
570,25,0,0.743,639.4,304.8,671.3,410.1,655.3,357.5
570,30,0,0.809,172.2,412.3,237.8,562.2,205.0,487.3
570,27,0,0.815,340.2,148.7,367.4,224.4,353.8,186.5
571,26,0,0.708,20.1,175.2,47.6,243.8,33.9,209.5
571,29,0,0.73,567.5,163.6,597.0,236.8,582.3,200.2
571,25,0,0.751,639.2,304.6,670.5,410.0,654.9,357.3
571,30,0,0.845,169.3,413.6,234.7,562.3,202.0,487.9
571,27,0,0.708,336.6,148.1,366.8,223.4,351.7,185.8
571,32,0,0.832,189.3,345.0,237.7,481.1,213.5,413.0
571,33,0,0.797,737.2,246.5,767.6,343.3,752.4,294.9
572,26,0,0.74,13.1,176.4,46.6,244.4,29.9,210.4
572,29,0,0.727,565.7,164.9,595.7,237.3,580.7,201.1
572,25,0,0.739,637.0,304.2,670.2,410.0,653.6,357.1
572,30,0,0.832,166.1,414.7,230.7,563.7,198.4,489.2
572,27,0,0.681,334.3,146.6,360.6,221.4,347.4,184.0
572,32,0,0.827,189.9,343.6,241.2,479.7,215.6,411.7
572,33,0,0.757,733.7,245.4,767.6,344.0,750.6,294.7
573,26,0,0.624,8.8,177.3,41.9,244.9,25.4,211.1
573,29,0,0.778,565.7,166.3,595.8,239.8,580.7,203.1
573,25,0,0.796,631.2,304.5,670.3,411.0,650.7,357.7
573,30,0,0.833,162.6,415.9,224.1,567.2,193.3,491.5
573,27,0,0.701,328.0,145.5,352.8,220.0,340.4,182.7
573,32,0,0.801,192.1,341.9,247.8,476.8,220.0,409.4
573,33,0,0.859,729.6,241.7,764.0,338.4,746.8,290.1
574,26,0,0.604,5.6,178.1,30.6,244.5,18.1,211.3
574,29,0,0.754,566.5,167.1,596.9,240.9,581.7,204.0
574,25,0,0.783,630.1,304.7,670.1,411.3,650.1,358.0
574,30,0,0.817,161.0,417.4,218.7,570.5,189.9,494.0
574,27,0,0.714,321.3,144.9,350.3,219.2,335.8,182.0
574,32,0,0.801,194.4,341.2,248.7,476.1,221.5,408.7
574,33,0,0.818,724.9,239.0,759.3,337.5,742.1,288.2
575,26,0,0.607,1.7,177.7,25.1,243.0,13.4,210.4
575,29,0,0.712,567.3,167.5,598.1,241.5,582.7,204.5
575,25,0,0.804,627.0,304.5,669.9,411.2,648.5,357.9
575,30,0,0.824,160.3,418.8,219.6,574.8,190.0,496.8
575,27,0,0.688,315.1,146.2,348.4,218.5,331.7,182.4
575,32,0,0.806,197.1,340.7,248.6,475.6,222.9,408.2
575,33,0,0.71,719.7,237.6,752.9,335.8,736.3,286.7
576,26,0,0.675,0.0,177.6,18.6,243.7,9.3,210.7
576,29,0,0.83,569.4,167.4,600.8,243.2,585.1,205.3
576,25,0,0.781,627.1,304.6,669.7,411.2,648.4,357.9
576,30,0,0.845,163.9,423.2,222.4,576.0,193.1,499.6
576,27,0,0.669,309.2,145.7,341.7,218.0,325.5,181.8
576,32,0,0.849,203.3,341.0,251.5,473.9,227.4,407.5
576,33,0,0.809,705.9,238.3,745.9,334.8,725.9,286.6
577,26,0,0.648,0.0,177.9,17.3,243.7,8.6,210.8
577,29,0,0.843,571.5,168.2,602.5,246.2,587.0,207.2
577,25,0,0.749,629.6,304.2,669.1,410.3,649.3,357.2
577,30,0,0.84,167.2,426.5,223.3,576.0,195.2,501.3
577,27,0,0.734,303.1,144.7,333.1,217.4,318.1,181.1
577,32,0,0.877,208.6,340.4,255.5,472.4,232.1,406.4
577,33,0,0.734,700.0,235.9,742.7,333.1,721.3,284.5
578,26,0,0.522,0.0,178.8,12.5,244.1,6.2,211.4
578,29,0,0.824,573.2,170.4,603.6,248.0,588.4,209.2
578,25,0,0.763,631.4,304.1,668.5,410.0,649.9,357.1
578,30,0,0.845,170.8,428.0,225.7,576.0,198.3,502.0
578,27,0,0.648,295.4,144.0,325.6,217.9,310.5,180.9
578,32,0,0.855,213.1,338.9,260.8,471.3,237.0,405.1
578,33,0,0.794,695.2,234.8,734.4,329.7,714.8,282.2
579,26,0,0.54,0.0,178.6,14.9,244.1,7.4,211.3
579,29,0,0.849,575.1,171.6,606.3,249.6,590.7,210.6
579,25,0,0.766,634.4,304.3,668.0,409.7,651.2,357.0
579,30,0,0.815,174.8,428.1,229.1,576.0,201.9,502.0
579,27,0,0.73,291.0,144.2,321.2,217.6,306.1,180.9
579,32,0,0.856,217.4,337.5,266.0,470.4,241.7,404.0
579,33,0,0.794,688.9,233.2,726.7,327.8,707.8,280.5
580,29,0,0.796,578.8,171.7,612.3,249.8,595.5,210.8
580,25,0,0.74,637.1,304.8,667.8,409.7,652.4,357.2
580,30,0,0.84,182.0,429.9,247.6,575.7,214.8,502.8
580,27,0,0.489,285.6,145.1,315.4,216.7,300.5,180.9
580,32,0,0.849,227.7,336.9,276.6,469.8,252.2,403.4
580,33,0,0.834,678.0,231.6,719.1,327.3,698.5,279.4
581,29,0,0.803,581.5,172.9,615.3,251.0,598.4,211.9
581,25,0,0.742,637.9,305.0,667.9,409.6,652.9,357.3
581,30,0,0.824,185.0,430.2,253.5,575.7,219.3,503.0
581,27,0,0.639,282.6,144.9,307.7,216.7,295.1,180.8
581,32,0,0.831,238.6,334.1,282.9,464.8,260.7,399.4
581,33,0,0.837,671.9,230.3,714.2,326.4,693.1,278.4
582,29,0,0.798,584.8,174.6,619.0,252.7,601.9,213.7
582,25,0,0.747,637.9,305.2,668.1,409.6,653.0,357.4
582,30,0,0.813,190.3,428.3,256.9,575.5,223.6,501.9
582,27,0,0.679,279.1,144.2,301.4,217.0,290.2,180.6
582,32,0,0.817,248.9,330.3,289.8,458.9,269.3,394.6
582,33,0,0.803,668.4,227.2,707.7,325.0,688.1,276.1
583,29,0,0.704,589.7,176.2,623.6,255.8,606.6,216.0
583,25,0,0.743,638.1,305.5,668.5,409.8,653.3,357.6
583,30,0,0.834,207.2,424.9,263.0,575.9,235.1,500.4
583,27,0,0.655,271.9,144.4,293.8,217.4,282.8,180.9
583,32,0,0.838,259.7,328.7,314.6,455.4,287.2,392.1
583,33,0,0.785,662.9,226.3,696.2,321.2,679.6,273.7
584,29,0,0.806,594.2,176.8,627.3,257.7,610.7,217.3
584,25,0,0.748,638.2,305.7,668.6,410.0,653.4,357.8
584,30,0,0.889,218.2,424.0,272.1,575.0,245.1,499.5
584,27,0,0.675,264.9,145.3,291.3,217.6,278.1,181.5
584,32,0,0.866,263.7,328.7,326.3,452.3,295.0,390.5
584,33,0,0.741,658.1,224.8,689.3,320.0,673.7,272.4
585,29,0,0.845,598.2,178.6,632.2,258.6,615.2,218.6
585,25,0,0.674,638.5,307.3,668.4,409.9,653.5,358.6
585,30,0,0.838,224.6,423.8,286.7,575.6,255.6,499.7
585,27,0,0.565,260.6,147.0,284.7,217.1,272.6,182.0
585,32,0,0.793,272.4,327.6,329.9,448.5,301.1,388.1
585,33,0,0.731,648.1,224.9,685.8,319.5,666.9,272.2
586,29,0,0.788,603.6,180.7,638.4,261.7,621.0,221.2
586,25,0,0.697,638.7,307.6,668.3,409.9,653.5,358.8
586,30,0,0.822,232.5,426.9,290.6,575.3,261.6,501.1
586,27,0,0.759,252.0,146.0,276.8,217.3,264.4,181.7
586,32,0,0.815,291.8,324.5,342.0,446.6,316.9,385.6
586,33,0,0.746,643.8,221.5,678.7,315.9,661.2,268.7
587,29,0,0.655,608.2,182.3,642.2,263.5,625.2,222.9
587,25,0,0.683,634.5,306.4,668.9,410.0,651.7,358.2
587,30,0,0.838,237.9,428.1,293.4,574.9,265.7,501.5
587,27,0,0.736,244.0,145.1,271.8,217.4,257.9,181.2
587,32,0,0.826,300.3,323.0,353.8,444.7,327.1,383.9
587,33,0,0.783,637.2,220.2,672.8,312.3,655.0,266.3
588,29,0,0.651,611.0,184.4,644.8,267.0,627.9,225.7
588,25,0,0.741,635.0,306.8,669.5,409.9,652.2,358.3
588,30,0,0.817,244.6,429.3,297.5,575.1,271.0,502.2
588,27,0,0.7,239.6,143.6,267.0,216.6,253.3,180.1
588,32,0,0.866,308.2,322.9,365.5,443.8,336.8,383.4
588,33,0,0.72,632.0,221.1,669.5,312.5,650.7,266.8
589,29,0,0.495,616.8,187.2,650.6,265.8,633.7,226.5
589,25,0,0.712,637.7,307.3,670.4,410.1,654.1,358.7
589,30,0,0.842,255.6,432.4,315.9,575.8,285.7,504.1
589,27,0,0.646,234.1,145.9,267.5,216.5,250.8,181.2
589,32,0,0.822,329.0,319.0,373.5,438.1,351.2,378.5
589,33,0,0.548,624.1,219.5,663.6,310.8,643.9,265.2
590,25,0,0.765,635.1,306.2,672.1,410.4,653.6,358.3
590,30,0,0.851,260.6,433.6,324.4,575.5,292.5,504.6
590,27,0,0.702,230.8,145.3,257.7,216.1,244.3,180.7
590,32,0,0.784,342.9,315.1,382.3,437.2,362.6,376.2
590,33,0,0.723,619.0,201.3,658.0,307.6,638.5,254.5
591,25,0,0.795,634.0,305.9,672.1,410.8,653.1,358.4
591,30,0,0.861,263.0,433.5,325.5,575.3,294.3,504.4
591,27,0,0.723,227.5,144.6,251.1,213.9,239.3,179.2
591,32,0,0.832,350.8,313.7,401.4,434.2,376.1,373.9
591,33,0,0.666,616.5,206.5,652.4,305.5,634.4,256.0
592,25,0,0.778,636.7,305.6,672.6,411.0,654.6,358.3
592,30,0,0.828,263.8,433.4,316.7,574.7,290.3,504.0
592,27,0,0.654,221.4,144.7,245.4,216.1,233.4,180.4
592,32,0,0.848,355.0,316.0,419.9,432.6,387.4,374.3
592,33,0,0.856,609.1,208.5,644.3,304.8,626.7,256.6
592,29,0,0.767,633.9,191.7,668.5,275.4,651.2,233.5
593,25,0,0.746,638.8,305.2,672.9,411.5,655.9,358.3
593,30,0,0.826,263.2,433.6,312.5,574.5,287.8,504.0
593,27,0,0.646,214.6,145.8,244.4,216.4,229.5,181.1
593,32,0,0.808,363.7,317.8,426.7,432.1,395.2,374.9
593,33,0,0.783,602.7,210.8,637.6,302.2,620.2,256.5
593,29,0,0.773,637.3,193.1,674.8,278.7,656.0,235.9
594,25,0,0.776,639.2,304.9,674.0,411.2,656.6,358.1
594,30,0,0.83,262.8,433.8,311.4,574.4,287.1,504.1
594,27,0,0.61,210.8,145.5,242.4,215.4,226.6,180.4
594,32,0,0.793,380.0,315.6,433.3,431.9,406.6,373.7
594,33,0,0.757,597.9,211.4,634.1,300.8,616.0,256.1
594,29,0,0.781,641.0,195.6,678.4,283.2,659.7,239.4
595,25,0,0.781,639.3,305.0,674.0,410.9,656.6,357.9
595,30,0,0.835,262.8,434.0,311.7,574.5,287.2,504.3
595,27,0,0.652,206.8,146.2,240.4,214.9,223.6,180.5
595,32,0,0.774,390.2,313.3,441.8,431.8,416.0,372.5
595,33,0,0.746,593.2,208.9,629.3,298.6,611.2,253.7
595,29,0,0.804,644.0,197.9,680.7,285.7,662.3,241.8
596,25,0,0.773,639.6,304.9,673.6,410.8,656.6,357.8
596,30,0,0.845,263.4,434.4,313.0,574.8,288.2,504.6
596,27,0,0.742,203.4,145.7,233.5,214.9,218.4,180.3
596,32,0,0.839,394.6,312.1,457.6,431.3,426.1,371.7
596,33,0,0.775,587.7,206.8,626.3,295.8,607.0,251.3
596,29,0,0.841,646.6,199.8,682.1,287.8,664.4,243.8
597,25,0,0.776,639.4,304.7,673.2,410.7,656.3,357.7
597,30,0,0.871,265.9,434.2,318.2,574.8,292.1,504.5
597,27,0,0.707,196.7,145.0,225.0,214.2,210.8,179.6
597,32,0,0.8,410.2,309.0,470.0,428.7,440.1,368.8
597,33,0,0.782,576.7,205.4,620.5,295.5,598.6,250.4
597,29,0,0.758,652.5,202.2,686.6,289.6,669.6,245.9
598,25,0,0.777,639.3,304.6,672.8,410.7,656.0,357.7
598,30,0,0.866,269.5,434.1,322.5,574.9,296.0,504.5
598,27,0,0.764,192.3,145.4,220.1,215.5,206.2,180.5
598,32,0,0.756,425.9,304.1,473.9,423.5,449.9,363.8
598,33,0,0.809,570.7,204.7,615.2,294.2,593.0,249.5
598,29,0,0.779,656.1,204.3,694.0,292.7,675.0,248.5
599,25,0,0.77,639.6,304.8,672.7,411.2,656.2,358.0
599,30,0,0.833,273.1,433.8,325.4,575.7,299.2,504.7
599,27,0,0.725,191.0,145.6,217.8,215.7,204.4,180.6
599,32,0,0.788,440.2,302.8,479.4,420.6,459.8,361.7
599,33,0,0.804,568.9,202.9,608.7,293.0,588.8,248.0
599,29,0,0.744,658.9,206.9,698.0,295.6,678.5,251.3
600,25,0,0.757,639.7,305.0,672.0,411.6,655.8,358.3
600,30,0,0.797,280.9,432.5,330.2,575.8,305.6,504.2
600,27,0,0.716,187.6,144.8,214.4,214.7,201.0,179.8
600,32,0,0.766,452.1,301.6,505.7,418.8,478.9,360.2
600,33,0,0.71,565.5,200.3,599.0,288.4,582.2,244.4
600,29,0,0.688,667.4,208.9,704.1,296.1,685.8,252.5
601,25,0,0.76,639.4,304.8,671.4,411.3,655.4,358.0
601,30,0,0.789,287.5,431.2,338.6,576.0,313.0,503.6
601,27,0,0.699,184.6,144.4,207.1,214.5,195.9,179.5
601,32,0,0.76,457.5,301.2,515.8,418.6,486.6,359.9
601,33,0,0.756,561.4,199.4,592.6,286.3,577.0,242.9
601,29,0,0.748,672.5,210.1,708.8,299.2,690.7,254.7
602,25,0,0.738,639.7,305.0,670.8,411.6,655.3,358.3
602,30,0,0.822,293.5,429.1,348.0,575.8,320.7,502.5
602,27,0,0.617,182.0,143.2,202.8,213.9,192.4,178.6
602,32,0,0.736,460.6,300.8,518.8,416.5,489.7,358.6
602,33,0,0.759,555.2,199.2,588.1,284.8,571.7,242.0
602,29,0,0.738,676.5,211.3,712.1,302.5,694.3,256.9
603,25,0,0.781,634.7,304.9,669.2,411.3,652.0,358.1
603,30,0,0.874,298.1,427.0,367.0,575.7,332.5,501.4
603,27,0,0.734,175.6,143.5,200.2,213.8,187.9,178.6
603,32,0,0.821,476.4,298.3,523.2,414.1,499.8,356.2
603,33,0,0.768,547.2,196.2,579.6,282.6,563.4,239.4
603,29,0,0.645,682.6,215.7,717.9,305.5,700.3,260.6
604,25,0,0.805,633.4,304.4,669.3,410.2,651.4,357.3
604,30,0,0.857,302.4,426.2,373.9,575.6,338.2,500.9
604,27,0,0.73,170.6,143.8,199.0,213.8,184.8,178.8
604,32,0,0.884,482.7,296.3,529.8,413.0,506.3,354.6
604,33,0,0.786,537.8,194.1,573.2,281.9,555.5,238.0
604,29,0,0.656,686.7,216.5,721.6,308.3,704.1,262.4
605,25,0,0.712,634.5,305.1,669.0,409.7,651.7,357.4
605,30,0,0.841,310.0,427.6,372.4,575.8,341.2,501.7
605,27,0,0.721,163.3,142.7,193.3,212.4,178.3,177.6
605,32,0,0.83,493.6,296.8,540.9,411.7,517.3,354.2
605,33,0,0.819,530.5,193.7,567.5,280.1,549.0,236.9
605,29,0,0.764,692.8,219.6,731.2,312.3,712.0,266.0
606,25,0,0.753,633.8,305.0,668.9,410.5,651.3,357.7
606,30,0,0.848,314.5,428.7,374.6,576.0,344.5,502.4
606,27,0,0.768,159.2,142.6,186.5,210.4,172.8,176.5
606,32,0,0.789,501.2,296.1,547.1,407.7,524.2,351.9
606,33,0,0.818,524.1,192.7,563.8,278.1,544.0,235.4
606,29,0,0.721,697.6,222.6,736.3,314.9,717.0,268.7
606,36,0,0.645,0.0,187.0,19.7,252.9,9.9,220.0
607,25,0,0.742,633.7,305.1,669.0,409.9,651.4,357.5
607,30,0,0.842,322.6,429.9,381.7,576.0,352.1,502.9
607,27,0,0.765,155.8,142.5,181.4,210.1,168.6,176.3
607,32,0,0.775,513.4,294.7,552.7,405.5,533.0,350.1
607,33,0,0.826,521.8,191.4,558.2,276.9,540.0,234.1
607,29,0,0.748,700.2,225.1,740.7,318.2,720.4,271.6
607,36,0,0.648,0.0,185.6,19.9,253.6,9.9,219.6
608,25,0,0.749,637.4,305.2,668.5,410.7,653.0,358.0
608,30,0,0.879,326.9,428.3,390.2,575.1,358.5,501.7
608,27,0,0.74,152.0,142.4,176.3,209.3,164.1,175.9
608,32,0,0.753,524.7,293.5,565.4,403.5,545.1,348.5
608,33,0,0.783,519.1,190.0,549.8,274.3,534.4,232.1
608,29,0,0.792,709.1,226.7,747.5,319.4,728.3,273.0
608,36,0,0.747,0.1,183.4,23.1,253.0,11.6,218.2
609,25,0,0.751,638.9,304.9,668.6,410.6,653.7,357.8
609,30,0,0.769,335.5,427.7,397.1,575.0,366.3,501.3
609,27,0,0.76,149.1,142.4,172.5,209.5,160.8,176.0
609,32,0,0.819,530.0,292.6,579.4,402.2,554.7,347.4
609,33,0,0.722,514.8,189.5,544.6,272.7,529.7,231.1
609,29,0,0.716,713.7,227.5,756.2,322.4,734.9,274.9
609,36,0,0.77,3.1,183.6,29.1,252.8,16.1,218.2
610,25,0,0.777,638.9,304.5,668.8,410.6,653.9,357.6
610,30,0,0.783,344.7,427.6,399.9,575.5,372.3,501.6
610,27,0,0.748,146.6,141.9,169.1,210.7,157.9,176.3
610,32,0,0.765,531.0,293.0,584.1,400.8,557.6,346.9
610,33,0,0.741,508.7,189.9,541.1,270.5,524.9,230.2
610,29,0,0.723,717.1,229.9,760.3,324.4,738.7,277.1
610,36,0,0.707,6.0,183.1,39.8,252.5,22.9,217.8
611,25,0,0.794,638.5,304.1,669.5,410.9,654.0,357.5
611,30,0,0.775,346.7,426.7,402.3,575.4,374.5,501.0
611,27,0,0.772,144.2,141.6,167.2,210.0,155.7,175.8
611,32,0,0.794,539.5,290.3,588.9,398.6,564.2,344.5
611,33,0,0.756,504.8,188.5,538.3,269.4,521.5,229.0
611,29,0,0.756,720.2,233.0,764.1,328.2,742.2,280.6
611,36,0,0.748,9.4,183.2,44.6,251.7,27.0,217.5
612,25,0,0.818,638.3,303.9,669.7,411.1,654.0,357.5
612,30,0,0.779,358.4,426.0,408.2,574.8,383.3,500.4
612,27,0,0.772,139.8,141.0,165.3,210.4,152.6,175.7
612,32,0,0.836,556.1,284.4,596.1,396.8,576.1,340.6
612,33,0,0.806,495.9,185.2,530.2,266.5,513.1,225.8
612,29,0,0.841,725.8,235.8,766.6,331.6,746.2,283.7
612,36,0,0.732,17.9,179.6,45.8,250.2,31.9,214.9
613,25,0,0.833,638.7,303.9,670.3,411.3,654.5,357.6
613,30,0,0.824,365.7,425.3,413.8,573.8,389.7,499.5
613,27,0,0.763,137.5,141.2,163.5,210.3,150.5,175.8
613,32,0,0.847,563.1,282.6,600.7,396.2,581.9,339.4
613,33,0,0.776,489.0,183.1,525.0,264.9,507.0,224.0
613,29,0,0.747,730.0,238.5,768.0,332.5,749.0,285.5
613,36,0,0.703,23.9,176.8,49.7,249.1,36.8,212.9
614,25,0,0.778,639.7,304.2,670.1,411.0,654.9,357.6
614,30,0,0.815,368.9,424.9,416.7,573.3,392.8,499.1
614,27,0,0.739,134.8,140.9,162.3,209.9,148.5,175.4
614,32,0,0.854,566.6,281.3,604.3,393.7,585.5,337.5
614,33,0,0.768,485.1,180.7,522.3,264.3,503.7,222.5
614,29,0,0.668,734.2,241.3,768.0,334.5,751.1,287.9
614,36,0,0.683,28.5,175.3,57.3,248.8,42.9,212.1
615,25,0,0.834,637.4,304.3,671.1,410.5,654.3,357.4
615,30,0,0.826,372.1,424.0,418.7,572.8,395.4,498.4
615,27,0,0.778,131.4,140.2,156.2,209.5,143.8,174.8
615,32,0,0.865,571.5,276.7,608.9,386.9,590.2,331.8
615,33,0,0.822,479.8,178.9,517.0,263.2,498.4,221.1
615,29,0,0.732,737.7,244.2,768.0,334.5,752.9,289.3
615,36,0,0.808,33.2,176.3,68.8,249.8,51.0,213.1
616,25,0,0.845,634.9,304.3,671.0,409.9,653.0,357.1
616,30,0,0.823,373.8,423.3,421.1,573.6,397.5,498.4
616,27,0,0.68,130.0,139.7,151.5,209.5,140.7,174.6
616,32,0,0.857,573.8,274.0,611.2,382.4,592.5,328.2
616,33,0,0.775,477.3,176.5,511.5,260.0,494.4,218.2
616,29,0,0.541,743.9,252.2,768.0,337.1,755.9,294.7
616,36,0,0.75,37.1,178.3,73.2,249.6,55.2,214.0
617,25,0,0.849,629.2,302.8,667.9,408.9,648.6,355.9
617,30,0,0.846,375.9,424.2,426.4,573.8,401.1,499.0
617,27,0,0.61,128.5,139.5,147.0,207.8,137.8,173.6
617,32,0,0.878,576.4,270.6,613.8,380.2,595.1,325.4
617,33,0,0.761,472.8,175.3,502.4,256.9,487.6,216.1
617,29,0,0.505,754.1,261.3,768.0,347.2,761.1,304.2
617,36,0,0.727,49.6,178.8,77.6,249.1,63.6,214.0
618,25,0,0.793,626.4,300.8,665.3,407.9,645.8,354.3
618,30,0,0.85,376.6,424.5,429.8,573.9,403.2,499.2
618,27,0,0.625,126.6,139.6,144.7,207.0,135.6,173.3
618,32,0,0.852,578.2,268.5,615.7,376.3,597.0,322.4
618,33,0,0.805,466.1,174.4,497.7,255.7,481.9,215.0
618,29,0,0.514,755.8,266.7,768.0,348.6,761.9,307.7
618,36,0,0.681,58.0,178.8,87.0,248.8,72.5,213.8
619,25,0,0.802,622.0,297.3,661.3,403.0,641.6,350.1
619,30,0,0.852,376.2,423.6,431.9,574.3,404.1,498.9
619,27,0,0.656,123.3,140.0,143.7,207.7,133.5,173.8
619,32,0,0.858,579.4,264.8,617.5,371.1,598.4,318.0
619,33,0,0.769,460.5,174.2,495.2,255.5,477.9,214.9
619,36,0,0.752,62.5,178.6,96.6,249.1,79.5,213.8
620,25,0,0.832,613.2,295.8,657.2,398.9,635.2,347.4
620,30,0,0.854,375.6,422.8,432.5,574.6,404.1,498.7
620,27,0,0.678,120.9,139.7,143.5,208.1,132.2,173.9
620,32,0,0.863,580.2,261.5,619.5,367.2,599.9,314.3
620,33,0,0.806,457.4,173.3,493.3,253.6,475.3,213.4
620,36,0,0.755,65.7,177.8,100.5,247.8,83.1,212.8
621,25,0,0.797,606.8,293.3,650.7,397.8,628.7,345.5
621,30,0,0.832,374.5,420.5,429.4,574.0,401.9,497.2
621,27,0,0.655,118.8,139.8,140.9,207.8,129.9,173.8
621,32,0,0.865,582.4,259.1,625.5,365.8,603.9,312.4
621,33,0,0.768,447.1,171.6,484.0,250.6,465.6,211.1
621,36,0,0.702,74.6,175.6,100.9,244.6,87.7,210.1
622,25,0,0.683,600.9,294.4,644.2,394.5,622.6,344.5
622,30,0,0.824,372.1,418.6,426.0,574.2,399.0,496.4
622,27,0,0.605,117.4,139.8,139.4,207.6,128.4,173.7
622,32,0,0.675,584.6,256.6,626.5,361.9,605.5,309.2
622,33,0,0.77,443.7,172.1,479.0,250.5,461.4,211.3
622,36,0,0.645,80.4,174.6,106.4,243.3,93.4,208.9
623,25,0,0.61,595.7,288.6,637.7,390.0,616.7,339.3
623,30,0,0.813,368.6,415.7,423.0,573.1,395.8,494.4
623,27,0,0.617,116.6,140.5,137.5,206.0,127.0,173.2
623,32,0,0.492,587.9,252.3,631.0,377.2,609.5,314.8
623,33,0,0.796,441.4,172.6,474.9,249.6,458.2,211.1
623,36,0,0.687,85.2,175.0,115.8,243.5,100.5,209.2
624,25,0,0.29,592.0,286.1,632.6,387.4,612.3,336.7
624,30,0,0.85,364.8,413.6,420.9,568.9,392.9,491.2
624,27,0,0.673,116.2,141.0,136.1,205.3,126.2,173.2
624,32,0,0.679,590.8,249.1,632.2,384.2,611.5,316.6
624,33,0,0.706,440.0,171.4,471.3,248.6,455.7,210.0
624,36,0,0.738,88.4,174.3,121.3,243.1,104.8,208.7
625,30,0,0.835,360.6,409.8,416.9,562.0,388.8,485.9
625,27,0,0.665,116.1,141.2,134.5,205.1,125.3,173.1
625,32,0,0.699,589.5,246.0,635.5,385.0,612.5,315.5
625,33,0,0.718,436.1,167.7,462.9,245.4,449.5,206.6
625,36,0,0.698,95.7,172.8,122.5,241.8,109.1,207.3
626,30,0,0.851,358.8,406.7,413.9,558.9,386.3,482.8
626,27,0,0.53,116.3,141.2,133.7,203.7,125.0,172.5
626,32,0,0.503,586.0,246.6,638.1,381.5,612.1,314.1
626,33,0,0.481,433.3,165.9,458.6,243.7,445.9,204.8
626,36,0,0.756,100.8,171.9,125.8,240.6,113.3,206.3
627,30,0,0.846,357.5,405.2,412.6,557.6,385.1,481.4
627,27,0,0.525,116.1,140.7,133.5,201.9,124.8,171.3
627,32,0,0.823,598.4,244.8,641.6,352.5,620.0,298.6
627,36,0,0.695,104.7,172.5,130.1,240.9,117.4,206.7
627,25,0,0.799,578.7,277.3,616.8,377.9,597.8,327.6
628,30,0,0.841,355.7,402.7,412.0,553.5,383.9,478.1
628,32,0,0.888,608.1,238.8,649.2,340.2,628.7,289.5
628,36,0,0.655,110.0,169.3,141.7,240.2,125.9,204.8
628,25,0,0.838,570.3,275.2,609.8,371.9,590.0,323.6
629,30,0,0.829,355.8,400.8,411.6,547.4,383.7,474.1
629,32,0,0.879,613.1,236.4,654.2,335.6,633.7,286.0
629,36,0,0.725,114.0,149.2,146.1,239.6,130.0,194.4
629,25,0,0.806,565.9,272.8,604.9,369.4,585.4,321.1
630,30,0,0.833,352.2,396.2,409.2,542.9,380.7,469.5
630,32,0,0.878,619.1,233.8,659.2,332.1,639.2,282.9
630,36,0,0.588,116.1,142.5,147.8,236.8,132.0,189.6
630,25,0,0.867,557.9,268.2,595.8,363.8,576.9,316.0
631,30,0,0.812,351.4,395.1,406.3,540.8,378.9,467.9
631,32,0,0.892,622.8,230.4,661.9,328.1,642.3,279.3
631,36,0,0.601,126.5,158.6,153.0,237.0,139.7,197.8
631,25,0,0.828,552.4,265.3,589.8,362.0,571.1,313.7
631,27,0,0.565,112.7,139.7,134.2,206.9,123.4,173.3
632,30,0,0.809,350.9,393.6,403.7,539.8,377.3,466.7
632,32,0,0.87,626.4,227.4,664.7,324.3,645.6,275.9
632,36,0,0.765,131.2,163.8,161.9,237.2,146.6,200.5
632,25,0,0.831,548.4,264.2,584.4,360.9,566.4,312.6
632,27,0,0.592,112.9,140.0,134.2,207.6,123.5,173.8
633,30,0,0.832,348.5,392.1,400.4,539.8,374.4,465.9
633,32,0,0.841,628.2,225.8,666.4,320.6,647.3,273.2
633,36,0,0.754,134.4,166.8,167.6,236.6,151.0,201.7
633,25,0,0.818,544.0,263.5,579.4,357.9,561.7,310.7
633,27,0,0.673,113.3,140.2,134.5,208.7,123.9,174.4
634,30,0,0.792,342.8,391.2,397.0,536.2,369.9,463.7
634,32,0,0.815,630.6,225.3,669.3,318.5,649.9,271.9
634,36,0,0.755,137.1,167.2,170.3,235.2,153.7,201.2
634,25,0,0.785,540.4,260.3,575.3,354.2,557.8,307.2
634,27,0,0.743,113.6,140.5,134.6,209.3,124.1,174.9
634,33,0,0.708,398.0,160.5,422.7,229.6,410.4,195.0
635,30,0,0.808,336.2,389.9,393.7,533.4,364.9,461.7
635,32,0,0.783,632.9,224.2,671.3,317.9,652.1,271.0
635,36,0,0.774,141.8,165.5,175.2,233.9,158.5,199.7
635,25,0,0.822,536.2,257.2,571.0,351.0,553.6,304.1
635,27,0,0.756,113.4,140.5,134.6,210.0,124.0,175.3
635,33,0,0.703,394.2,159.8,420.5,232.7,407.3,196.2
636,30,0,0.819,333.9,386.6,388.6,527.3,361.2,456.9
636,32,0,0.861,638.4,220.0,676.4,312.9,657.4,266.5
636,36,0,0.766,150.0,163.9,179.1,233.0,164.6,198.4
636,25,0,0.83,525.1,254.8,564.2,349.1,544.6,301.9
636,27,0,0.793,113.1,141.1,136.4,210.3,124.8,175.7
636,33,0,0.654,385.5,159.9,414.3,233.2,399.9,196.6
637,30,0,0.81,332.1,385.5,387.1,524.2,359.6,454.9
637,32,0,0.838,641.0,217.0,679.8,309.6,660.4,263.3
637,36,0,0.8,154.1,164.2,186.0,233.4,170.1,198.8
637,25,0,0.869,521.4,253.1,560.2,346.3,540.8,299.7
637,27,0,0.806,113.4,141.5,138.0,211.3,125.7,176.4
637,33,0,0.769,381.7,159.2,408.9,233.5,395.3,196.3
638,30,0,0.823,330.9,385.3,387.0,523.0,359.0,454.2
638,32,0,0.822,643.4,215.4,680.5,307.5,662.0,261.5
638,36,0,0.781,157.7,165.0,191.9,232.8,174.8,198.9
638,25,0,0.837,516.1,249.7,553.4,342.1,534.7,295.9
638,27,0,0.783,113.9,142.1,138.7,212.3,126.3,177.2
638,33,0,0.792,377.5,159.1,405.4,233.4,391.5,196.3
639,30,0,0.834,329.7,384.9,388.6,522.9,359.2,453.9
639,32,0,0.829,644.4,214.6,681.0,307.3,662.7,260.9
639,36,0,0.754,161.3,162.3,194.4,231.6,177.8,196.9
639,25,0,0.848,511.0,247.4,547.0,338.6,529.0,293.0
639,27,0,0.779,114.7,143.1,139.2,213.8,127.0,178.4
639,33,0,0.721,371.8,158.7,401.3,232.5,386.5,195.6
640,30,0,0.829,329.5,384.6,388.3,522.8,358.9,453.7
640,32,0,0.818,645.4,210.6,681.2,302.2,663.3,256.4
640,36,0,0.634,169.3,161.1,195.6,230.0,182.4,195.6
640,25,0,0.844,504.9,246.2,539.0,337.8,521.9,292.0
640,27,0,0.79,116.3,143.2,140.2,214.1,128.2,178.6
640,33,0,0.779,364.9,159.3,394.9,231.3,379.9,195.3
641,30,0,0.826,330.6,384.2,387.8,522.4,359.2,453.3
641,32,0,0.805,645.0,208.3,681.2,298.8,663.1,253.5
641,36,0,0.719,175.3,160.3,201.5,229.0,188.4,194.6
641,25,0,0.789,500.0,244.2,533.6,334.7,516.8,289.5
641,27,0,0.799,117.8,143.3,141.4,214.3,129.6,178.8
641,33,0,0.723,359.4,158.4,392.2,230.8,375.8,194.6
642,30,0,0.82,330.6,384.0,388.1,522.1,359.3,453.0
642,32,0,0.822,643.9,206.1,681.4,295.8,662.7,250.9
642,36,0,0.783,179.5,159.8,211.3,229.3,195.4,194.6
642,25,0,0.74,496.6,242.4,529.0,331.1,512.8,286.8
642,27,0,0.789,119.1,144.0,143.2,214.9,131.2,179.5
642,33,0,0.757,357.9,157.9,386.7,229.8,372.3,193.9
643,30,0,0.809,331.2,384.0,389.1,523.2,360.1,453.6
643,32,0,0.833,643.0,204.9,681.1,295.3,662.0,250.1
643,36,0,0.713,183.7,160.2,216.1,228.8,199.9,194.5
643,25,0,0.767,492.5,240.3,525.3,327.5,508.9,283.9
643,27,0,0.751,121.0,145.0,145.5,216.6,133.3,180.8
643,33,0,0.768,354.7,156.5,379.8,227.7,367.3,192.1
644,30,0,0.808,335.6,383.5,390.0,521.9,362.8,452.7
644,32,0,0.839,641.8,204.1,680.4,294.6,661.1,249.4
644,36,0,0.72,187.4,159.9,220.0,228.3,203.7,194.1
644,25,0,0.762,487.4,237.9,522.0,324.9,504.7,281.4
644,27,0,0.836,122.3,146.0,147.1,217.0,134.7,181.5
644,33,0,0.773,351.2,156.2,374.7,229.0,363.0,192.6
645,30,0,0.824,338.4,381.8,390.1,518.6,364.2,450.2
645,32,0,0.814,641.3,202.7,679.9,294.0,660.6,248.4
645,36,0,0.727,193.8,159.8,220.8,226.9,207.3,193.3
645,25,0,0.747,483.9,237.1,518.8,323.3,501.3,280.2
645,27,0,0.805,124.6,147.0,150.1,217.2,137.4,182.1
645,33,0,0.812,345.0,156.5,373.8,229.1,359.4,192.8
646,30,0,0.849,339.4,380.4,390.2,517.5,364.8,448.9
646,32,0,0.842,641.8,199.5,679.0,289.9,660.4,244.7
646,36,0,0.751,199.3,158.8,222.2,225.9,210.8,192.3
646,25,0,0.764,480.1,235.5,514.1,321.7,497.1,278.6
646,27,0,0.81,127.1,147.4,152.3,217.3,139.7,182.4
646,33,0,0.672,339.0,157.0,372.3,229.2,355.6,193.1
647,30,0,0.801,337.1,378.7,390.3,517.1,363.7,447.9
647,32,0,0.764,644.3,196.5,677.0,284.9,660.6,240.7
647,36,0,0.832,204.2,158.5,234.8,226.1,219.5,192.3
647,25,0,0.761,474.2,231.3,508.1,316.8,491.1,274.1
647,27,0,0.792,131.8,146.8,155.2,217.8,143.5,182.3
647,33,0,0.732,334.5,156.7,364.6,229.2,349.6,193.0
648,30,0,0.807,336.4,376.8,390.1,516.6,363.3,446.7
648,32,0,0.732,644.4,195.9,675.7,281.7,660.0,238.8
648,36,0,0.686,209.5,157.6,239.4,224.7,224.5,191.2
648,25,0,0.643,470.3,229.4,504.3,315.2,487.3,272.3
648,27,0,0.74,134.6,147.0,159.5,218.4,147.0,182.7
648,33,0,0.698,329.8,156.5,356.1,228.9,342.9,192.7
649,30,0,0.817,336.1,374.7,386.7,516.8,361.4,445.8
649,32,0,0.748,642.5,194.4,673.3,279.3,657.9,236.9
649,36,0,0.722,215.3,156.8,241.3,223.7,228.3,190.2
649,25,0,0.803,468.0,228.4,501.9,314.1,484.9,271.3
649,27,0,0.736,136.7,148.5,162.1,219.5,149.4,184.0
649,33,0,0.732,324.3,156.8,350.7,230.0,337.5,193.4
650,30,0,0.836,334.2,371.6,383.5,514.9,358.9,443.2
650,32,0,0.829,640.5,192.4,671.6,275.7,656.1,234.1
650,36,0,0.689,220.9,155.1,243.2,223.1,232.0,189.1
650,25,0,0.795,466.5,225.6,499.1,313.0,482.8,269.3
650,27,0,0.782,139.6,148.6,164.4,220.2,152.0,184.4
650,33,0,0.759,318.4,156.7,348.2,229.6,333.3,193.2
651,30,0,0.828,330.6,368.6,380.8,508.8,355.7,438.7
651,32,0,0.85,635.8,188.9,668.3,272.9,652.1,230.9
651,36,0,0.757,227.3,155.2,254.7,222.3,241.0,188.8
651,25,0,0.817,464.5,221.5,497.9,305.8,481.2,263.7
651,27,0,0.795,143.6,148.4,168.8,220.4,156.2,184.4
651,33,0,0.654,312.9,156.8,339.3,230.2,326.1,193.5
652,30,0,0.836,328.6,366.7,378.5,504.5,353.6,435.6
652,32,0,0.844,632.9,187.7,666.3,271.1,649.6,229.4
652,36,0,0.792,230.2,154.7,258.4,222.0,244.3,188.3
652,25,0,0.79,462.5,219.7,496.5,303.4,479.5,261.5
652,27,0,0.744,146.4,148.3,172.4,221.5,159.4,184.9
652,33,0,0.688,309.1,156.0,332.0,228.9,320.6,192.5
653,30,0,0.851,326.6,366.0,377.7,503.1,352.1,434.5
653,32,0,0.853,629.1,187.3,664.7,270.2,646.9,228.7
653,36,0,0.622,235.5,155.4,260.6,221.2,248.0,188.3
653,25,0,0.815,460.6,219.0,494.5,301.2,477.5,260.1
653,27,0,0.734,148.2,148.7,177.0,222.5,162.6,185.6
653,33,0,0.752,304.4,155.8,326.6,229.6,315.5,192.7
654,30,0,0.86,325.0,365.3,376.5,503.1,350.8,434.2
654,32,0,0.854,627.3,186.9,663.8,269.0,645.5,228.0
654,36,0,0.665,241.8,155.1,263.3,218.0,252.6,186.6
654,25,0,0.789,459.3,217.2,492.4,299.5,475.8,258.4
654,27,0,0.817,152.1,148.9,180.3,222.6,166.2,185.7
654,33,0,0.681,299.9,156.3,322.9,229.0,311.4,192.7
655,30,0,0.847,323.8,363.6,373.5,501.8,348.6,432.7
655,32,0,0.808,626.5,184.4,661.8,268.5,644.2,226.4
655,36,0,0.699,246.7,154.6,268.8,218.2,257.7,186.4
655,25,0,0.796,458.3,213.9,491.2,296.0,474.8,255.0
655,27,0,0.707,155.2,149.9,184.1,222.7,169.6,186.3
655,33,0,0.817,292.4,156.4,322.5,229.4,307.5,192.9
656,30,0,0.857,322.4,362.0,370.4,497.7,346.4,429.8
656,32,0,0.821,626.6,181.4,659.0,265.2,642.8,223.3
656,36,0,0.708,251.0,155.4,272.5,219.1,261.7,187.2
656,25,0,0.799,457.6,212.0,490.4,293.4,474.0,252.7
656,27,0,0.742,159.7,150.9,185.6,222.0,172.6,186.4
656,33,0,0.752,287.7,156.7,321.4,229.4,304.6,193.1
657,30,0,0.858,319.1,361.0,366.8,493.9,342.9,427.5
657,32,0,0.854,626.7,179.6,656.5,262.1,641.6,220.9
657,36,0,0.728,253.5,155.2,278.7,219.3,266.1,187.3
657,25,0,0.747,457.3,211.1,489.6,292.6,473.4,251.8
657,27,0,0.753,164.3,151.4,186.7,220.7,175.5,186.1
657,33,0,0.681,284.8,157.0,315.3,229.2,300.0,193.1
657,39,0,0.763,722.9,306.6,767.0,419.5,744.9,363.1
658,30,0,0.858,313.2,360.2,363.9,492.2,338.5,426.2
658,32,0,0.841,626.1,178.8,654.2,260.5,640.2,219.6
658,36,0,0.766,259.2,154.4,282.2,218.5,270.7,186.4
658,25,0,0.786,457.5,210.6,489.8,292.4,473.7,251.5
658,27,0,0.754,168.1,150.3,190.0,221.9,179.0,186.1
658,33,0,0.776,280.2,155.5,309.0,228.8,294.6,192.2
658,39,0,0.862,718.1,303.5,755.3,419.2,736.7,361.4
659,30,0,0.856,304.1,359.4,360.1,490.6,332.1,425.0
659,32,0,0.749,622.2,177.5,650.3,257.6,636.2,217.5
659,25,0,0.82,458.0,206.1,491.0,286.8,474.5,246.5
659,27,0,0.75,172.7,150.1,199.6,222.0,186.2,186.0
659,33,0,0.783,271.0,154.1,303.2,229.7,287.1,191.9
659,39,0,0.78,690.7,300.7,742.3,416.9,716.5,358.8
660,30,0,0.894,298.1,358.2,358.0,490.1,328.1,424.2
660,32,0,0.738,618.3,176.3,647.4,255.7,632.9,216.0
660,25,0,0.805,458.6,204.1,491.3,282.5,475.0,243.3
660,27,0,0.807,176.2,149.4,207.6,223.7,191.9,186.6
660,33,0,0.8,267.8,152.8,300.5,229.2,284.1,191.0
660,39,0,0.821,682.0,296.7,728.2,410.1,705.1,353.4
661,30,0,0.875,290.2,356.3,354.3,487.2,322.2,421.7
661,32,0,0.762,613.9,174.6,643.7,253.5,628.8,214.0
661,25,0,0.804,459.1,202.7,491.1,281.8,475.1,242.3
661,27,0,0.775,181.4,150.7,208.6,224.1,195.0,187.4
661,33,0,0.7,265.3,153.0,298.2,229.0,281.7,191.0
661,39,0,0.816,673.5,293.1,712.1,406.8,692.8,350.0
662,30,0,0.818,284.2,353.4,346.4,482.9,315.3,418.1
662,32,0,0.81,609.1,173.3,640.5,251.8,624.8,212.5
662,25,0,0.796,459.5,201.5,491.1,281.2,475.3,241.3
662,27,0,0.747,184.6,150.2,211.8,224.0,198.2,187.1
662,33,0,0.616,262.9,153.8,289.2,225.9,276.0,189.9
662,39,0,0.797,655.5,290.6,702.4,404.2,679.0,347.4
662,36,0,0.537,282.0,153.7,304.4,218.1,293.2,185.9
663,30,0,0.877,276.2,351.7,330.9,481.2,303.5,416.4
663,32,0,0.792,602.9,172.1,635.8,251.0,619.4,211.5
663,25,0,0.868,459.1,197.9,490.6,276.5,474.8,237.2
663,27,0,0.725,189.8,150.4,217.9,225.6,203.8,188.0
663,33,0,0.772,259.1,154.0,283.0,226.1,271.0,190.1
663,39,0,0.791,642.2,287.7,691.7,399.0,667.0,343.4
663,36,0,0.731,291.0,152.4,312.4,217.6,301.7,185.0
664,30,0,0.871,272.1,350.2,321.2,480.3,296.6,415.3
664,32,0,0.801,599.0,171.9,632.7,250.4,615.9,211.1
664,25,0,0.845,458.9,196.1,490.6,274.0,474.8,235.1
664,27,0,0.77,194.2,151.6,222.1,226.5,208.1,189.1
664,33,0,0.747,256.2,155.7,279.8,226.7,268.0,191.2
664,39,0,0.826,633.6,282.9,674.7,394.1,654.1,338.5
664,36,0,0.672,294.5,152.1,322.1,217.1,308.3,184.6
665,30,0,0.814,265.7,348.8,314.7,479.0,290.2,413.9
665,32,0,0.769,596.5,168.4,625.4,246.9,611.0,207.6
665,25,0,0.825,460.0,194.9,491.6,271.5,475.8,233.2
665,27,0,0.812,198.9,152.9,225.6,227.1,212.2,190.0
665,33,0,0.691,250.1,155.9,275.6,226.3,262.8,191.1
665,39,0,0.766,615.2,279.5,660.4,392.0,637.8,335.7
665,36,0,0.612,300.8,151.9,330.9,217.3,315.9,184.6
666,30,0,0.813,260.0,346.5,307.1,475.7,283.6,411.1
666,32,0,0.788,593.3,166.2,619.7,243.7,606.5,204.9
666,25,0,0.826,461.6,193.2,492.2,269.1,476.9,231.1
666,27,0,0.778,203.8,153.0,228.0,228.0,215.9,190.5
666,33,0,0.735,243.9,154.7,272.2,225.9,258.1,190.3
666,39,0,0.764,606.1,276.8,648.5,387.8,627.3,332.3
666,36,0,0.64,308.0,151.2,333.9,217.0,320.9,184.1
667,30,0,0.802,255.1,345.0,296.7,471.5,275.9,408.3
667,32,0,0.796,590.2,165.3,615.5,242.8,602.9,204.1
667,25,0,0.767,463.6,190.7,493.2,266.1,478.4,228.4
667,27,0,0.777,207.3,152.6,231.3,228.1,219.3,190.3
667,33,0,0.737,238.9,154.7,270.0,224.8,254.4,189.8
667,39,0,0.787,598.1,273.2,635.2,383.6,616.7,328.4
667,36,0,0.573,313.6,149.9,335.0,216.7,324.3,183.3
668,30,0,0.815,250.1,344.3,292.1,468.9,271.1,406.6
668,32,0,0.788,583.5,165.3,612.2,241.5,597.9,203.4
668,25,0,0.772,465.3,187.9,494.5,262.8,479.9,225.4
668,27,0,0.706,210.5,152.9,236.9,229.1,223.7,191.0
668,33,0,0.756,237.2,154.7,267.3,222.8,252.2,188.7
668,39,0,0.788,588.2,271.2,625.7,381.0,607.0,326.1
668,36,0,0.557,317.6,149.5,339.2,216.4,328.4,183.0
669,30,0,0.839,231.3,343.9,289.0,467.8,260.1,405.9
669,32,0,0.766,579.4,164.4,608.3,240.0,593.9,202.2
669,25,0,0.779,466.6,185.4,496.1,262.2,481.3,223.8
669,27,0,0.609,214.7,154.4,240.0,229.2,227.4,191.8
669,33,0,0.53,234.8,155.7,261.8,225.0,248.3,190.3
669,39,0,0.788,572.8,270.1,617.1,376.7,595.0,323.4
669,36,0,0.654,321.9,150.0,350.6,216.1,336.2,183.0
670,30,0,0.802,224.9,344.5,285.7,467.6,255.3,406.0
670,32,0,0.724,575.0,164.2,602.2,238.5,588.6,201.4
670,25,0,0.797,467.3,183.4,496.9,261.2,482.1,222.3
670,27,0,0.795,218.7,153.8,250.9,230.0,234.8,191.9
670,39,0,0.804,562.7,268.4,601.6,370.1,582.1,319.3
670,36,0,0.609,328.5,150.7,354.2,216.1,341.3,183.4
671,30,0,0.865,221.1,343.3,283.5,466.2,252.3,404.8
671,32,0,0.724,568.9,163.8,596.7,237.4,582.8,200.6
671,25,0,0.85,467.8,182.1,497.1,259.3,482.4,220.7
671,27,0,0.76,222.6,153.6,252.6,230.5,237.6,192.1
671,39,0,0.809,554.3,265.0,591.2,368.2,572.7,316.6
671,36,0,0.61,334.3,150.4,355.7,215.9,345.0,183.2
672,30,0,0.88,215.4,340.3,280.9,464.6,248.2,402.5
672,32,0,0.728,562.1,162.4,592.9,236.9,577.5,199.6
672,25,0,0.834,468.2,180.3,497.0,255.8,482.6,218.1
672,27,0,0.742,225.3,153.3,255.5,231.6,240.4,192.4
672,39,0,0.819,542.9,264.0,584.5,366.0,563.7,315.0
672,36,0,0.581,338.2,149.8,359.0,215.8,348.6,182.8
673,30,0,0.859,207.2,338.1,262.4,462.1,234.8,400.1
673,32,0,0.731,554.8,161.1,587.1,235.0,571.0,198.0
673,25,0,0.826,469.6,179.2,498.0,253.2,483.8,216.2
673,27,0,0.746,231.7,156.1,263.3,232.4,247.5,194.3
673,39,0,0.793,530.7,259.0,566.1,361.1,548.4,310.0
673,36,0,0.645,343.8,149.7,372.3,215.6,358.0,182.7
673,33,0,0.613,210.7,155.5,236.2,222.5,223.5,189.0
674,30,0,0.85,200.4,337.8,250.9,461.5,225.7,399.6
674,32,0,0.697,551.8,160.2,582.4,233.9,567.1,197.1
674,25,0,0.807,470.8,178.7,499.9,252.2,485.3,215.5
674,27,0,0.765,235.5,156.6,269.7,233.9,252.6,195.2
674,39,0,0.762,518.7,255.8,553.9,359.1,536.3,307.5
674,36,0,0.608,346.8,149.5,379.6,215.6,363.2,182.6
674,33,0,0.737,206.8,154.9,231.3,221.9,219.1,188.4
675,30,0,0.847,194.8,337.6,243.2,460.3,219.0,399.0
675,32,0,0.666,550.0,158.5,575.8,232.6,562.9,195.5
675,25,0,0.829,472.7,178.4,501.8,250.5,487.3,214.4
675,27,0,0.765,239.8,157.3,272.4,234.5,256.1,195.9
675,39,0,0.833,499.5,255.1,549.2,358.0,524.4,306.6
675,36,0,0.609,353.8,149.3,382.5,215.7,368.2,182.5
675,33,0,0.77,201.7,154.4,228.9,221.2,215.3,187.8
676,30,0,0.876,188.9,337.8,239.2,461.4,214.1,399.6
676,32,0,0.664,545.9,156.9,569.2,230.0,557.6,193.5
676,25,0,0.811,474.5,177.0,503.3,248.7,488.9,212.9
676,27,0,0.756,247.6,157.1,273.4,234.2,260.5,195.7
676,39,0,0.792,492.9,254.4,543.8,355.3,518.3,304.9
676,36,0,0.678,359.4,148.8,383.0,216.0,371.2,182.4
676,33,0,0.71,197.0,154.7,225.8,221.9,211.4,188.3
677,30,0,0.866,181.8,336.1,235.3,460.3,208.5,398.2
677,32,0,0.79,531.4,157.1,565.4,229.9,548.4,193.5
677,25,0,0.793,478.7,174.6,506.7,246.4,492.7,210.5
677,27,0,0.774,255.0,157.1,285.2,235.5,270.1,196.3
677,39,0,0.784,483.3,252.5,523.1,352.8,503.2,302.6
677,36,0,0.603,367.5,148.6,391.7,216.2,379.6,182.4
677,33,0,0.718,189.9,155.2,222.5,222.3,206.2,188.7
678,30,0,0.818,175.8,333.8,226.8,456.2,201.3,395.0
678,32,0,0.754,526.7,157.1,563.4,230.1,545.1,193.6
678,25,0,0.819,481.5,173.4,508.5,245.2,495.0,209.3
678,27,0,0.763,257.9,158.0,294.2,235.8,276.1,196.9
678,39,0,0.762,470.0,250.3,512.1,352.3,491.0,301.3
678,36,0,0.756,370.6,148.3,400.8,216.0,385.7,182.1
678,33,0,0.695,185.2,155.4,212.7,221.0,199.0,188.2
679,30,0,0.841,169.3,330.8,213.1,453.7,191.2,392.3
679,32,0,0.755,523.7,157.4,559.6,229.8,541.7,193.6
679,25,0,0.819,483.0,172.2,509.9,243.7,496.5,208.0
679,27,0,0.745,259.9,158.3,298.5,236.5,279.2,197.4
679,39,0,0.754,462.6,247.4,507.9,351.3,485.2,299.3
679,36,0,0.584,372.6,148.4,406.1,215.9,389.3,182.2
679,33,0,0.698,182.4,155.5,207.4,220.0,194.9,187.8
680,30,0,0.807,155.0,329.7,202.6,450.3,178.8,390.0
680,32,0,0.78,518.6,157.0,544.5,228.8,531.5,192.9
680,25,0,0.795,485.8,169.3,512.6,241.5,499.2,205.4
680,27,0,0.731,269.9,158.4,303.6,236.2,286.7,197.3
680,39,0,0.78,449.5,243.9,487.0,344.5,468.3,294.2
680,36,0,0.52,383.1,147.7,408.7,214.8,395.9,181.2
680,33,0,0.767,167.8,154.6,204.4,221.8,186.1,188.2
681,30,0,0.847,146.5,329.6,198.0,449.2,172.3,389.4
681,32,0,0.767,512.9,156.4,536.7,228.2,524.8,192.3
681,25,0,0.786,488.3,167.7,514.6,239.9,501.4,203.8
681,27,0,0.745,275.7,158.6,309.0,236.9,292.4,197.8
681,39,0,0.802,434.0,241.1,477.9,341.5,456.0,291.3
681,36,0,0.539,390.4,148.2,412.5,214.8,401.5,181.5
681,33,0,0.668,164.1,156.0,201.1,222.4,182.6,189.2
682,30,0,0.852,142.6,327.9,194.0,448.1,168.3,388.0
682,32,0,0.493,508.0,156.5,533.3,230.4,520.7,193.5
682,25,0,0.591,490.5,165.1,517.4,239.5,504.0,202.3
682,27,0,0.768,281.4,160.3,313.8,239.8,297.6,200.0
682,39,0,0.805,427.7,241.2,472.4,339.4,450.1,290.3
682,36,0,0.502,395.0,147.9,418.2,214.1,406.6,181.0
682,33,0,0.693,161.9,156.6,196.3,223.3,179.1,190.0
683,30,0,0.84,131.4,323.2,182.0,442.8,156.7,383.0
683,25,0,0.732,493.1,159.4,523.5,238.1,508.3,198.7
683,27,0,0.739,286.4,161.3,320.6,240.5,303.5,200.9
683,39,0,0.668,416.5,241.2,452.9,335.3,434.7,288.3
683,36,0,0.554,398.1,146.6,426.0,214.8,412.0,180.7
683,33,0,0.725,161.6,157.2,188.4,223.7,175.0,190.4
684,30,0,0.871,124.0,320.7,176.2,440.6,150.1,380.6
684,25,0,0.647,500.0,162.8,526.8,236.1,513.4,199.5
684,27,0,0.716,294.2,161.7,321.9,240.3,308.0,201.0
684,39,0,0.777,408.1,241.8,443.4,329.4,425.7,285.6
684,36,0,0.291,405.7,145.9,430.3,209.5,418.0,177.7
684,33,0,0.741,159.9,157.8,184.6,224.5,172.3,191.2
685,30,0,0.851,121.4,318.7,171.8,440.2,146.6,379.5
685,25,0,0.746,503.1,164.2,530.2,235.5,516.6,199.8
685,27,0,0.73,300.0,161.6,325.0,240.3,312.5,201.0
685,39,0,0.834,400.3,238.2,433.7,326.9,417.0,282.5
685,36,0,0.378,410.8,145.0,431.6,204.6,421.2,174.8
685,33,0,0.75,155.6,158.9,182.9,226.3,169.3,192.6
685,32,0,0.672,486.8,152.7,508.8,226.2,497.8,189.5
686,30,0,0.856,120.8,318.0,169.0,440.0,144.9,379.0
686,25,0,0.876,507.3,164.3,533.6,234.6,520.5,199.4
686,27,0,0.768,305.1,161.0,330.7,240.6,317.9,200.8
686,39,0,0.826,392.9,234.1,425.4,325.6,409.2,279.8
686,33,0,0.829,152.3,159.6,180.6,227.5,166.5,193.6
686,32,0,0.664,478.6,152.2,504.5,227.0,491.6,189.6
687,30,0,0.857,119.3,315.8,166.5,438.2,142.9,377.0
687,25,0,0.764,511.5,164.6,539.5,233.3,525.5,199.0
687,27,0,0.74,308.0,162.1,342.7,242.3,325.4,202.2
687,39,0,0.829,369.0,230.4,416.4,322.6,392.7,276.5
687,33,0,0.821,148.4,160.1,178.8,228.4,163.6,194.2
687,32,0,0.839,466.5,152.8,500.8,226.6,483.6,189.7
688,30,0,0.85,116.9,313.5,164.3,432.9,140.6,373.2
688,25,0,0.749,516.9,164.5,543.3,231.7,530.1,198.1
688,27,0,0.803,310.7,161.7,347.6,242.9,329.1,202.3
688,39,0,0.802,364.5,228.8,410.7,321.2,387.6,275.0
688,33,0,0.821,147.1,160.6,178.1,229.5,162.6,195.0
688,32,0,0.801,461.1,152.9,495.7,225.9,478.4,189.4
688,36,0,0.51,429.0,143.6,451.3,203.9,440.1,173.8
689,30,0,0.848,115.4,310.9,162.3,426.5,138.9,368.7
689,25,0,0.79,520.2,162.6,546.0,230.6,533.1,196.6
689,27,0,0.768,317.1,162.5,350.2,243.2,333.6,202.8
689,39,0,0.75,359.4,226.9,398.7,318.4,379.0,272.6
689,33,0,0.801,147.3,161.0,177.2,230.6,162.2,195.8
689,32,0,0.712,458.6,153.0,486.8,224.1,472.7,188.6
689,36,0,0.607,432.2,143.2,453.5,204.1,442.8,173.6
690,30,0,0.84,116.7,307.6,161.2,424.0,139.0,365.8
690,25,0,0.83,523.6,160.6,551.4,228.6,537.5,194.6
690,27,0,0.632,325.7,160.7,357.7,245.5,341.7,203.1
690,39,0,0.803,349.4,225.3,386.8,317.2,368.1,271.3
690,33,0,0.788,149.5,161.9,179.0,232.0,164.2,196.9
690,32,0,0.578,451.0,152.4,477.2,223.5,464.1,188.0
690,36,0,0.26,436.8,143.3,457.8,200.7,447.3,172.0
691,30,0,0.845,116.6,305.8,159.8,423.1,138.2,364.5
691,25,0,0.814,525.6,160.1,553.9,227.5,539.7,193.8
691,27,0,0.759,331.1,162.6,362.6,244.6,346.8,203.6
691,39,0,0.818,341.2,223.0,379.4,317.3,360.3,270.2
691,33,0,0.788,152.1,161.9,181.5,232.5,166.8,197.2
691,32,0,0.636,441.3,146.0,472.3,222.9,456.8,184.5
692,30,0,0.854,114.9,303.4,160.1,422.5,137.5,362.9
692,25,0,0.809,528.2,159.6,555.4,226.6,541.8,193.1
692,27,0,0.258,334.7,165.4,364.3,242.3,349.5,203.9
692,39,0,0.754,333.8,220.3,369.9,313.0,351.9,266.6
692,33,0,0.716,153.2,163.0,183.9,233.3,168.6,198.2
692,32,0,0.726,438.4,143.5,470.6,223.1,454.5,183.3
692,40,0,0.764,742.3,223.8,767.5,317.2,754.9,270.5
693,30,0,0.871,112.8,300.7,159.3,416.7,136.0,358.7
693,25,0,0.805,529.5,159.2,556.3,226.3,542.9,192.8
693,27,0,0.429,339.6,167.6,366.3,244.5,353.0,206.1
693,39,0,0.715,329.2,215.0,363.1,308.9,346.1,261.9
693,33,0,0.686,154.7,163.2,186.1,235.3,170.4,199.3
693,32,0,0.45,436.7,141.3,467.7,222.8,452.2,182.1
693,40,0,0.736,734.9,223.9,767.6,316.7,751.2,270.3
693,36,0,0.627,448.0,141.7,469.4,217.2,458.7,179.5
694,30,0,0.839,110.8,298.5,157.1,411.8,133.9,355.1
694,25,0,0.808,529.8,159.4,556.5,226.1,543.2,192.7
694,27,0,0.721,343.5,167.6,367.1,245.2,355.3,206.4
694,39,0,0.793,317.0,216.6,357.6,308.5,337.3,262.5
694,33,0,0.756,157.6,164.8,188.1,235.8,172.9,200.3
694,40,0,0.853,725.7,222.9,767.0,316.0,746.3,269.4
694,36,0,0.69,452.5,140.6,472.4,209.4,462.5,175.0
695,30,0,0.831,109.6,296.4,153.3,409.9,131.4,353.2
695,25,0,0.812,529.3,159.7,556.4,226.4,542.9,193.1
695,27,0,0.844,346.1,167.4,370.5,248.9,358.3,208.1
695,39,0,0.771,312.8,217.8,353.7,307.8,333.2,262.8
695,33,0,0.762,161.2,165.1,189.7,236.0,175.5,200.5
695,40,0,0.793,719.7,222.3,764.4,314.3,742.1,268.3
695,36,0,0.624,456.1,139.7,474.9,206.1,465.5,172.9
696,30,0,0.829,109.2,295.3,152.3,408.6,130.7,352.0
696,25,0,0.765,528.0,161.2,555.9,227.7,542.0,194.5
696,27,0,0.759,349.9,167.4,374.9,249.9,362.4,208.7
696,39,0,0.769,307.5,217.2,345.5,303.7,326.5,260.5
696,33,0,0.799,165.4,165.2,191.1,237.0,178.3,201.1
696,40,0,0.722,717.1,220.9,757.4,313.6,737.2,267.3
696,36,0,0.602,458.9,138.7,479.3,204.3,469.1,171.5
697,30,0,0.818,108.0,292.2,150.4,404.9,129.2,348.5
697,25,0,0.801,524.9,164.2,552.9,229.8,538.9,197.0
697,27,0,0.781,353.0,170.6,382.6,252.7,367.8,211.6
697,39,0,0.85,297.5,215.7,333.9,301.1,315.7,258.4
697,33,0,0.704,171.8,164.8,196.4,237.4,184.1,201.1
697,40,0,0.775,707.3,219.2,743.4,311.1,725.3,265.2
697,36,0,0.589,462.4,139.4,488.0,203.5,475.2,171.4
698,30,0,0.821,105.9,289.2,147.1,398.5,126.5,343.9
698,25,0,0.834,522.9,165.0,550.1,230.5,536.5,197.8
698,27,0,0.797,356.6,173.3,387.5,254.1,372.1,213.7
698,39,0,0.857,289.7,213.9,327.6,300.4,308.7,257.2
698,33,0,0.73,175.6,164.6,207.0,238.8,191.3,201.7
698,40,0,0.778,692.5,219.9,735.8,309.1,714.1,264.5
698,36,0,0.601,464.5,138.3,492.3,202.9,478.4,170.6
699,30,0,0.786,103.7,287.7,145.3,394.3,124.5,341.0
699,25,0,0.799,521.7,165.1,548.0,231.2,534.9,198.2
699,27,0,0.777,360.7,173.3,391.8,254.7,376.3,214.0
699,39,0,0.755,283.6,211.4,319.0,297.6,301.3,254.5
699,33,0,0.783,177.9,164.6,211.0,239.7,194.4,202.1
699,40,0,0.788,684.5,220.4,733.0,308.1,708.7,264.2
699,36,0,0.702,470.8,136.0,494.3,202.2,482.5,169.1
700,30,0,0.772,102.3,286.8,143.3,392.5,122.8,339.7
700,25,0,0.756,520.0,165.5,546.4,233.0,533.2,199.3
700,27,0,0.743,365.0,173.0,397.4,254.9,381.2,214.0
700,39,0,0.789,277.4,209.2,309.3,295.0,293.3,252.1
700,33,0,0.748,183.6,165.4,211.6,239.9,197.6,202.7
700,40,0,0.81,681.1,217.3,729.3,308.1,705.2,262.7
700,36,0,0.682,474.6,134.3,496.7,201.9,485.6,168.1
701,30,0,0.815,97.9,283.6,139.7,391.4,118.8,337.5
701,25,0,0.762,518.5,168.3,544.1,236.4,531.3,202.4
701,27,0,0.729,371.6,175.8,402.1,257.3,386.9,216.5
701,39,0,0.746,266.6,207.6,303.2,293.4,284.9,250.5
701,33,0,0.691,189.9,166.1,219.2,241.6,204.5,203.9
701,40,0,0.799,674.6,216.5,713.8,306.5,694.2,261.5
701,36,0,0.739,479.4,134.0,501.5,200.8,490.5,167.4
701,32,0,0.533,397.4,152.5,418.6,222.3,408.0,187.4
702,30,0,0.844,94.7,281.0,138.3,386.1,116.5,333.5
702,25,0,0.779,516.1,169.0,542.6,237.3,529.4,203.2
702,27,0,0.704,375.8,176.3,407.6,259.7,391.7,218.0
702,39,0,0.763,257.9,204.6,293.3,289.8,275.6,247.2
702,33,0,0.764,193.7,167.7,226.2,242.5,209.9,205.1
702,40,0,0.789,666.1,215.8,703.6,304.8,684.8,260.3
702,36,0,0.803,482.4,132.7,505.2,200.0,493.8,166.4
702,32,0,0.401,394.6,154.1,416.6,223.3,405.6,188.7
703,30,0,0.829,91.5,279.0,136.2,382.3,113.9,330.6
703,25,0,0.776,514.4,168.9,541.1,237.7,527.7,203.3
703,27,0,0.715,379.8,177.7,414.2,260.6,397.0,219.2
703,39,0,0.763,251.4,203.7,283.6,287.7,267.5,245.7
703,33,0,0.762,197.1,168.9,229.8,242.6,213.5,205.8
703,40,0,0.82,659.0,215.1,697.9,304.9,678.5,260.0
703,36,0,0.793,485.3,132.1,508.9,198.4,497.1,165.2
704,30,0,0.814,86.6,277.2,132.3,381.4,109.5,329.3
704,25,0,0.83,511.0,171.1,537.6,240.8,524.3,206.0
704,27,0,0.349,385.6,165.3,416.1,259.0,400.8,212.1
704,39,0,0.815,242.2,203.6,276.4,287.1,259.3,245.4
704,33,0,0.694,203.4,169.1,231.5,243.1,217.5,206.1
704,40,0,0.83,653.1,213.4,690.0,304.1,671.5,258.7
704,36,0,0.757,492.0,131.0,513.0,197.8,502.5,164.4
705,30,0,0.808,84.6,275.9,129.2,378.8,106.9,327.3
705,25,0,0.765,507.4,172.9,534.7,243.4,521.1,208.1
705,27,0,0.694,390.8,172.5,419.5,260.1,405.2,216.3
705,39,0,0.795,234.4,203.0,267.0,283.0,250.7,243.0
705,33,0,0.748,208.2,168.9,233.2,244.0,220.7,206.4
705,40,0,0.81,648.4,211.9,680.8,301.6,664.6,256.8
705,36,0,0.759,495.5,130.6,516.3,197.6,505.9,164.1
705,32,0,0.616,375.7,152.6,398.3,226.3,387.0,189.5
706,30,0,0.79,83.0,273.5,127.0,376.0,105.0,324.7
706,25,0,0.69,501.1,159.5,532.9,244.7,517.0,202.1
706,27,0,0.57,393.1,172.4,426.7,262.9,409.9,217.7
706,39,0,0.777,228.2,200.3,258.1,280.7,243.1,240.5
706,33,0,0.757,211.3,170.5,234.7,243.6,223.0,207.1
706,40,0,0.698,643.6,210.5,674.0,301.2,658.8,255.9
706,32,0,0.722,370.0,153.8,392.0,226.6,381.0,190.2
707,30,0,0.69,80.4,272.0,120.5,371.7,100.5,321.9
707,25,0,0.726,499.8,155.3,530.9,245.0,515.3,200.2
707,27,0,0.408,396.9,175.5,429.0,263.3,412.9,219.4
707,39,0,0.737,220.7,199.9,253.5,279.9,237.1,239.9
707,33,0,0.569,213.8,172.0,235.5,241.7,224.7,206.8
707,40,0,0.797,634.6,210.0,668.5,300.2,651.6,255.1
707,32,0,0.713,363.5,154.2,390.7,226.7,377.1,190.5
708,30,0,0.571,75.7,269.6,115.7,367.4,95.7,318.5
708,25,0,0.795,497.7,168.0,526.3,247.6,512.0,207.8
708,39,0,0.667,212.6,183.2,247.5,276.4,230.0,229.8
708,40,0,0.841,621.3,210.2,664.1,298.9,642.7,254.5
708,32,0,0.769,356.5,156.5,386.9,227.6,371.7,192.1
708,36,0,0.618,509.5,130.5,529.9,188.5,519.7,159.5
709,30,0,0.74,59.5,267.7,112.8,366.7,86.2,317.2
709,25,0,0.819,496.2,175.1,523.3,249.6,509.7,212.3
709,39,0,0.699,205.8,188.9,239.8,274.7,222.8,231.8
709,40,0,0.747,617.4,210.4,660.4,298.5,638.9,254.5
709,32,0,0.654,352.3,156.4,379.3,227.0,365.8,191.7
709,36,0,0.641,513.1,130.2,533.5,188.9,523.3,159.6
710,30,0,0.783,58.6,266.2,109.5,365.7,84.1,316.0
710,25,0,0.826,494.0,177.7,521.3,252.0,507.6,214.9
710,39,0,0.845,199.7,193.2,232.4,274.1,216.0,233.6
710,40,0,0.773,613.7,208.7,653.0,296.9,633.3,252.8
710,32,0,0.62,348.5,156.4,371.9,228.1,360.2,192.2
710,36,0,0.691,517.1,129.1,536.3,191.3,526.7,160.2
710,33,0,0.756,223.4,174.6,253.8,249.6,238.6,212.1
711,30,0,0.778,57.7,263.0,103.2,360.8,80.5,311.9
711,25,0,0.749,491.1,178.3,518.3,251.8,504.7,215.1
711,39,0,0.745,191.8,192.7,222.5,270.8,207.1,231.8
711,40,0,0.811,605.0,207.2,642.2,296.0,623.6,251.6
711,32,0,0.729,337.0,157.9,367.2,229.0,352.1,193.4
711,36,0,0.692,522.4,129.1,542.7,191.1,532.5,160.1
711,33,0,0.793,229.0,175.4,260.2,252.4,244.6,213.9
712,30,0,0.789,55.3,261.3,100.6,359.0,77.9,310.1
712,25,0,0.794,488.1,179.3,516.4,253.7,502.3,216.5
712,39,0,0.703,185.1,190.7,213.7,269.3,199.4,230.0
712,40,0,0.871,597.8,206.1,635.4,296.2,616.6,251.1
712,32,0,0.798,329.1,159.5,364.1,230.4,346.6,194.9
712,36,0,0.687,526.0,129.1,546.7,190.9,536.4,160.0
712,33,0,0.745,233.2,175.7,262.2,252.9,247.7,214.3
713,30,0,0.793,53.6,260.8,99.0,358.3,76.3,309.6
713,25,0,0.777,484.9,181.1,514.6,255.7,499.7,218.4
713,39,0,0.704,180.2,189.6,210.2,268.7,195.2,229.1
713,40,0,0.816,593.6,206.1,631.5,295.9,612.5,251.0
713,32,0,0.761,326.4,159.8,362.0,232.0,344.2,195.9
713,36,0,0.732,528.6,128.6,550.0,190.9,539.3,159.8
713,33,0,0.735,236.9,175.7,263.9,253.5,250.4,214.6
714,30,0,0.775,53.8,260.3,97.9,357.1,75.9,308.7
714,25,0,0.786,481.4,183.1,512.4,258.8,496.9,221.0
714,39,0,0.663,174.0,188.9,208.1,268.4,191.0,228.7
714,40,0,0.782,591.7,205.0,627.2,294.7,609.4,249.9
714,32,0,0.711,324.4,160.6,356.0,232.5,340.2,196.5
714,36,0,0.624,532.2,128.0,552.4,189.7,542.3,158.8
714,33,0,0.792,239.0,176.1,267.0,254.2,253.0,215.1
715,30,0,0.754,54.5,256.5,93.3,353.7,73.9,305.1
715,25,0,0.767,479.9,184.8,509.6,260.6,494.8,222.7
715,39,0,0.63,164.7,186.8,196.0,269.8,180.4,228.3
715,40,0,0.775,586.8,204.3,616.7,291.4,601.8,247.9
715,32,0,0.724,317.2,161.0,348.4,234.2,332.8,197.6
715,36,0,0.615,536.1,128.1,561.0,188.6,548.5,158.4
715,33,0,0.764,244.3,177.5,273.2,255.7,258.8,216.6
715,27,0,0.75,436.3,188.4,473.5,281.1,454.9,234.8
716,30,0,0.736,55.2,254.9,91.7,350.7,73.4,302.8
716,25,0,0.745,480.2,185.3,507.9,261.7,494.0,223.5
716,39,0,0.664,157.8,185.7,188.6,270.5,173.2,228.1
716,40,0,0.78,582.0,202.8,611.0,290.5,596.5,246.6
716,32,0,0.723,312.0,163.3,343.9,236.0,328.0,199.7
716,36,0,0.635,539.3,127.7,565.6,188.0,552.5,157.9
716,33,0,0.805,247.7,178.3,276.2,257.5,261.9,217.9
716,27,0,0.72,440.0,187.8,476.8,283.1,458.4,235.5
717,30,0,0.736,54.8,253.3,92.3,349.0,73.6,301.2
717,25,0,0.771,481.4,185.1,508.2,262.2,494.8,223.6
717,39,0,0.715,152.0,185.7,185.2,265.8,168.6,225.7
717,40,0,0.859,570.5,202.8,607.9,289.7,589.2,246.3
717,32,0,0.693,309.0,165.4,339.2,237.2,324.1,201.3
717,36,0,0.607,543.8,126.3,567.7,187.4,555.8,156.8
717,33,0,0.763,249.2,178.4,280.2,257.9,264.7,218.1
717,27,0,0.791,444.6,189.9,479.6,283.3,462.1,236.6
718,30,0,0.789,56.1,251.8,91.7,345.9,73.9,298.9
718,25,0,0.776,483.8,188.9,513.1,265.1,498.4,227.0
718,39,0,0.66,143.6,184.1,173.3,262.1,158.4,223.1
718,40,0,0.767,564.9,203.3,604.0,288.7,584.5,246.0
718,32,0,0.78,306.0,166.1,335.6,238.6,320.8,202.4
718,36,0,0.672,549.6,124.3,573.2,186.6,561.4,155.5
718,33,0,0.823,252.1,180.0,286.9,260.6,269.5,220.3
718,27,0,0.699,454.1,194.5,485.4,287.0,469.7,240.8
719,30,0,0.781,57.2,250.5,93.5,344.6,75.4,297.6
719,25,0,0.765,486.7,189.9,516.2,265.8,501.5,227.8
719,39,0,0.802,136.7,182.6,165.2,258.5,151.0,220.6
719,40,0,0.768,562.7,202.0,598.4,287.8,580.6,244.9
719,32,0,0.809,303.0,166.8,331.3,239.9,317.1,203.4
719,36,0,0.695,553.4,124.1,577.2,186.1,565.3,155.1
719,33,0,0.743,255.5,182.2,290.8,261.4,273.1,221.8
719,27,0,0.723,459.4,196.8,490.4,289.8,474.9,243.3
720,30,0,0.783,57.9,248.2,95.5,340.5,76.7,294.3
720,25,0,0.803,492.9,190.2,519.4,266.2,506.2,228.2
720,39,0,0.736,130.1,181.3,162.8,257.2,146.5,219.3
720,40,0,0.808,559.5,200.6,591.6,287.1,575.5,243.8
720,32,0,0.763,299.1,167.2,328.2,241.6,313.7,204.4
720,36,0,0.634,556.9,124.6,580.6,185.5,568.8,155.0
720,33,0,0.736,259.5,183.4,291.9,261.9,275.7,222.7
720,27,0,0.689,462.2,199.4,494.6,291.2,478.4,245.3
721,30,0,0.781,61.1,246.9,99.3,335.2,80.2,291.0
721,25,0,0.684,499.7,191.2,528.8,267.1,514.2,229.2
721,39,0,0.775,121.6,181.2,151.6,254.2,136.6,217.7
721,40,0,0.728,550.5,199.5,584.0,286.5,567.3,243.0
721,32,0,0.784,295.3,170.7,325.3,242.8,310.3,206.7
721,36,0,0.699,560.9,124.1,585.6,184.8,573.2,154.4
721,33,0,0.684,266.7,184.0,296.9,263.5,281.8,223.7
721,27,0,0.784,471.1,200.6,498.3,293.0,484.7,246.8
722,30,0,0.769,64.5,245.4,101.0,333.4,82.7,289.4
722,25,0,0.631,504.9,192.9,536.4,267.9,520.6,230.4
722,39,0,0.791,114.4,179.9,144.5,253.8,129.5,216.9
722,40,0,0.854,546.1,198.3,580.3,286.6,563.2,242.5
722,32,0,0.776,292.6,171.6,322.8,242.8,307.7,207.2
722,36,0,0.706,565.4,123.6,588.7,184.4,577.0,154.0
722,33,0,0.713,271.9,184.4,301.0,264.5,286.4,224.4
722,27,0,0.818,478.1,201.5,502.3,293.9,490.2,247.7
723,30,0,0.73,68.3,244.3,101.5,333.5,84.9,288.9
723,25,0,0.723,510.0,194.0,541.2,269.2,525.6,231.6
723,39,0,0.796,109.4,180.5,140.9,252.9,125.2,216.7
723,40,0,0.818,544.0,198.6,575.6,285.4,559.8,242.0
723,32,0,0.647,289.2,171.7,319.9,242.4,304.5,207.1
723,36,0,0.73,568.3,122.8,590.6,184.0,579.5,153.4
723,33,0,0.502,275.8,186.0,307.1,265.7,291.5,225.9
723,27,0,0.817,481.5,201.2,508.7,294.9,495.1,248.1
724,30,0,0.821,73.7,241.1,108.2,330.0,90.9,285.6
724,25,0,0.603,519.5,193.8,545.5,271.8,532.5,232.8
724,39,0,0.755,101.6,178.7,129.4,251.4,115.5,215.0
724,40,0,0.618,539.9,197.1,568.6,281.7,554.2,239.4
724,36,0,0.724,572.5,122.3,597.0,183.5,584.7,152.9
724,33,0,0.823,281.3,176.9,315.0,266.9,298.2,221.9
724,27,0,0.827,483.3,204.4,518.9,297.9,501.1,251.2
725,30,0,0.775,76.9,240.4,113.3,328.2,95.1,284.3
725,39,0,0.753,95.6,178.6,122.1,249.3,108.8,213.9
725,40,0,0.781,530.3,194.5,563.9,280.8,547.1,237.7
725,36,0,0.728,574.0,122.0,602.5,183.7,588.2,152.9
725,33,0,0.753,284.1,174.3,316.0,267.8,300.0,221.0
725,27,0,0.734,489.0,205.2,524.5,300.9,506.7,253.1
726,30,0,0.755,79.8,239.0,115.1,326.7,97.4,282.9
726,39,0,0.678,90.6,177.9,119.6,248.8,105.1,213.3
726,40,0,0.742,521.1,193.6,561.4,280.8,541.2,237.2
726,36,0,0.79,575.7,120.8,605.8,183.0,590.8,151.9
726,33,0,0.603,285.3,174.3,318.3,267.8,301.8,221.0
726,27,0,0.697,495.3,205.5,529.9,301.8,512.6,253.6
727,30,0,0.719,83.2,237.9,117.1,324.5,100.2,281.2
727,39,0,0.58,84.4,177.6,110.4,244.9,97.4,211.3
727,36,0,0.748,580.1,120.3,607.5,182.0,593.8,151.2
727,33,0,0.415,285.6,175.9,321.9,269.1,303.7,222.5
727,27,0,0.746,503.1,200.9,539.5,303.6,521.3,252.2
727,25,0,0.631,536.9,194.3,564.9,280.4,550.9,237.3
728,30,0,0.696,85.8,235.3,122.0,322.2,103.9,278.8
728,39,0,0.667,79.5,175.7,104.5,242.7,92.0,209.2
728,36,0,0.704,584.2,118.9,609.4,181.0,596.8,150.0
728,33,0,0.647,294.5,187.7,327.5,272.3,311.0,230.0
728,27,0,0.742,507.1,199.6,544.1,305.2,525.6,252.4
728,25,0,0.683,540.5,192.6,568.3,277.9,554.4,235.3
728,32,0,0.618,279.1,176.3,305.3,251.4,292.2,213.9
729,30,0,0.706,90.4,231.8,123.5,317.6,106.9,274.7
729,39,0,0.734,71.1,174.9,97.0,242.6,84.0,208.7
729,36,0,0.749,589.7,120.2,614.2,180.2,602.0,150.2
729,33,0,0.818,302.1,192.2,332.1,272.3,317.1,232.3
729,27,0,0.722,507.5,200.1,550.0,305.5,528.8,252.8
729,25,0,0.815,550.0,191.7,576.8,271.6,563.4,231.7
729,32,0,0.909,276.8,177.4,305.6,255.4,291.2,216.4
730,30,0,0.656,93.3,230.8,127.0,315.9,110.2,273.4
730,39,0,0.754,64.5,174.4,92.6,242.9,78.6,208.6
730,36,0,0.743,592.3,119.6,616.8,180.0,604.5,149.8
730,33,0,0.789,305.8,193.2,334.3,273.8,320.0,233.5
730,27,0,0.578,513.3,206.3,552.3,306.1,532.8,256.2
730,25,0,0.741,555.1,191.3,584.9,267.3,570.0,229.3
730,32,0,0.891,274.9,178.6,305.7,259.0,290.3,218.8
730,40,0,0.739,496.4,195.4,531.3,278.7,513.8,237.1
731,30,0,0.713,96.2,231.0,132.1,315.3,114.1,273.1
731,39,0,0.756,60.0,172.8,86.6,242.4,73.3,207.6
731,36,0,0.723,595.1,116.9,618.3,179.3,606.7,148.1
731,33,0,0.802,309.2,193.6,336.9,274.1,323.0,233.8
731,27,0,0.591,523.5,209.9,554.8,306.1,539.2,258.0
731,25,0,0.78,559.3,191.8,590.9,266.0,575.1,228.9
731,32,0,0.809,273.8,181.1,305.3,261.3,289.5,221.2
731,40,0,0.768,489.4,195.0,526.7,278.9,508.0,237.0
732,30,0,0.724,100.1,229.8,133.1,315.3,116.6,272.5
732,39,0,0.73,55.5,172.8,81.6,241.5,68.6,207.2
732,36,0,0.721,598.6,116.6,620.0,178.0,609.3,147.3
732,33,0,0.755,311.2,193.9,345.4,276.6,328.3,235.3
732,27,0,0.753,532.4,211.3,560.7,306.9,546.5,259.1
732,25,0,0.749,563.3,190.5,596.1,265.0,579.7,227.8
732,32,0,0.74,273.4,183.3,304.7,262.5,289.0,222.9
732,40,0,0.795,483.9,194.9,523.8,278.0,503.8,236.4
733,30,0,0.749,104.4,228.1,136.0,312.3,120.2,270.2
733,39,0,0.772,49.4,172.8,80.3,240.8,64.9,206.8
733,36,0,0.76,599.6,116.7,622.1,177.2,610.9,147.0
733,33,0,0.812,314.8,194.8,352.1,278.5,333.5,236.7
733,27,0,0.741,536.2,212.0,568.5,307.1,552.3,259.6
733,25,0,0.777,567.4,189.0,598.6,264.0,583.0,226.5
733,32,0,0.708,273.2,184.9,304.4,263.5,288.8,224.2
733,40,0,0.656,479.8,193.7,519.5,276.4,499.6,235.0
734,30,0,0.766,107.3,226.1,139.8,310.5,123.5,268.3
734,39,0,0.678,44.6,173.2,75.8,240.5,60.2,206.9
734,36,0,0.709,599.2,115.3,625.6,177.6,612.4,146.5
734,33,0,0.849,317.8,194.7,354.7,279.0,336.3,236.9
734,27,0,0.75,537.8,213.2,577.3,308.5,557.6,260.8
734,25,0,0.819,569.4,189.2,599.7,264.2,584.5,226.7
734,32,0,0.721,271.9,185.6,304.9,265.1,288.4,225.3
734,40,0,0.675,476.1,192.7,510.0,273.7,493.1,233.2
735,30,0,0.782,109.7,224.5,143.3,307.5,126.5,266.0
735,39,0,0.669,39.8,172.4,68.9,238.9,54.3,205.6
735,36,0,0.725,599.9,115.3,629.0,177.1,614.5,146.2
735,33,0,0.82,320.8,194.4,357.5,279.4,339.2,236.9
735,27,0,0.774,539.2,214.4,582.2,310.8,560.7,262.6
735,25,0,0.763,570.6,187.9,599.9,262.9,585.3,225.4
735,32,0,0.718,271.2,185.8,305.0,267.0,288.1,226.4
735,40,0,0.73,471.5,190.0,501.1,271.8,486.3,230.9
736,30,0,0.727,111.3,223.6,146.0,306.8,128.6,265.2
736,39,0,0.758,35.3,171.3,62.6,239.4,48.9,205.3
736,36,0,0.709,600.4,115.2,633.0,176.9,616.7,146.1
736,33,0,0.774,323.8,195.3,362.5,280.6,343.2,237.9
736,27,0,0.703,542.8,215.5,586.0,311.7,564.4,263.6
736,25,0,0.586,569.2,187.3,600.0,264.5,584.6,225.9
736,32,0,0.735,270.4,187.8,304.8,270.1,287.6,229.0
736,40,0,0.636,465.7,188.6,495.2,270.5,480.5,229.5
737,30,0,0.69,113.3,223.5,147.9,306.2,130.6,264.8
737,39,0,0.783,31.2,170.6,58.5,238.0,44.8,204.3
737,36,0,0.705,603.4,114.9,634.9,176.3,619.2,145.6
737,33,0,0.848,326.5,195.4,366.1,283.8,346.3,239.6
737,27,0,0.746,551.1,212.5,593.4,312.8,572.3,262.6
737,25,0,0.473,567.3,187.6,599.0,263.9,583.2,225.7
737,32,0,0.754,268.6,189.7,304.8,271.5,286.7,230.6
737,40,0,0.813,453.3,188.0,492.3,269.8,472.8,228.9
738,30,0,0.752,118.8,220.3,150.1,303.1,134.5,261.7
738,39,0,0.731,24.2,169.7,50.4,236.0,37.3,202.9
738,36,0,0.757,612.8,115.5,637.4,174.6,625.1,145.1
738,33,0,0.759,331.6,199.9,369.1,285.7,350.3,242.8
738,27,0,0.672,561.7,215.4,598.7,314.9,580.2,265.2
738,25,0,0.617,563.5,186.6,594.7,244.0,579.1,215.3
738,32,0,0.715,268.3,191.5,302.1,271.4,285.2,231.4
738,40,0,0.767,447.2,185.8,487.7,269.5,467.5,227.6
739,30,0,0.776,122.5,219.1,151.7,300.0,137.1,259.5
739,39,0,0.71,19.3,168.8,43.7,235.5,31.5,202.2
739,36,0,0.706,620.4,115.4,639.2,173.5,629.8,144.4
739,33,0,0.798,335.9,201.6,370.9,287.3,353.4,244.5
739,27,0,0.639,567.4,217.0,606.0,316.5,586.7,266.7
739,25,0,0.677,561.4,184.9,591.2,251.1,576.3,218.0
739,32,0,0.743,267.2,192.8,300.0,272.9,283.6,232.8
739,40,0,0.752,441.8,185.5,478.5,268.7,460.2,227.1
740,30,0,0.779,126.7,218.3,156.1,297.7,141.4,258.0
740,39,0,0.704,13.6,168.6,42.3,236.0,27.9,202.3
740,36,0,0.653,622.8,115.3,646.8,173.6,634.8,144.4
740,33,0,0.781,339.5,202.7,373.2,287.9,356.3,245.3
740,27,0,0.711,569.1,218.6,611.8,317.6,590.5,268.1
740,25,0,0.754,559.4,183.8,587.9,250.6,573.7,217.2
740,32,0,0.705,266.7,195.9,299.0,275.5,282.9,235.7
740,40,0,0.694,438.7,182.3,469.4,268.6,454.0,225.5
741,30,0,0.814,128.7,217.5,162.9,296.4,145.8,256.9
741,39,0,0.664,8.8,168.6,36.9,235.6,22.9,202.1
741,36,0,0.689,623.8,115.8,650.7,173.1,637.3,144.5
741,33,0,0.773,343.3,203.5,376.0,288.8,359.6,246.2
741,27,0,0.712,571.2,219.2,613.9,318.3,592.5,268.7
741,25,0,0.797,556.1,184.2,584.0,254.3,570.0,219.2
741,32,0,0.711,264.6,199.4,298.4,277.4,281.5,238.4
741,40,0,0.612,437.3,182.1,462.8,268.7,450.1,225.4
742,30,0,0.726,133.8,214.6,166.9,293.7,150.4,254.1
742,39,0,0.74,1.4,166.6,28.0,233.8,14.7,200.2
742,36,0,0.719,630.2,114.7,653.4,171.8,641.8,143.2
742,33,0,0.779,348.4,205.6,385.7,291.5,367.1,248.6
742,27,0,0.755,588.3,219.0,620.2,317.5,604.2,268.3
742,25,0,0.779,550.5,184.9,578.9,254.3,564.7,219.6
742,32,0,0.705,258.9,201.1,294.2,279.6,276.5,240.4
743,30,0,0.779,141.2,212.5,170.4,291.7,155.8,252.1
743,39,0,0.637,0.0,167.9,23.0,233.1,11.5,200.5
743,36,0,0.665,635.6,113.6,655.9,171.3,645.8,142.4
743,33,0,0.826,352.1,206.3,390.1,291.9,371.1,249.1
743,27,0,0.784,596.5,218.5,627.3,318.3,611.9,268.4
743,25,0,0.838,546.7,182.9,572.6,252.6,559.6,217.7
743,32,0,0.694,254.7,203.5,290.4,282.0,272.5,242.7
744,30,0,0.667,146.7,211.2,176.4,290.6,161.6,250.9
744,39,0,0.644,0.0,167.7,18.2,233.8,9.1,200.7
744,36,0,0.692,638.7,114.1,659.0,171.3,648.9,142.7
744,33,0,0.762,358.4,206.5,396.7,291.8,377.5,249.1
744,27,0,0.8,599.7,218.8,640.5,318.8,620.1,268.8
744,25,0,0.85,543.7,181.2,567.8,251.9,555.8,216.5
744,32,0,0.815,251.0,204.9,288.0,283.6,269.5,244.2
745,30,0,0.691,154.2,210.6,184.8,289.1,169.5,249.8
745,36,0,0.704,641.4,114.2,667.9,172.2,654.6,143.2
745,33,0,0.726,366.8,207.4,402.2,294.9,384.5,251.2
745,27,0,0.775,602.2,219.1,648.8,319.8,625.5,269.4
745,25,0,0.757,535.9,181.2,561.4,250.8,548.6,216.0
745,32,0,0.803,247.0,208.6,284.7,289.3,265.8,249.0
746,30,0,0.627,160.0,207.5,192.1,285.9,176.1,246.7
746,36,0,0.626,645.7,114.3,669.7,172.1,657.7,143.2
746,33,0,0.838,373.5,208.4,409.7,297.8,391.6,253.1
746,27,0,0.636,608.9,218.6,652.2,319.7,630.6,269.1
746,25,0,0.767,528.3,180.3,559.8,250.9,544.0,215.6
746,32,0,0.855,244.2,209.4,281.5,292.1,262.8,250.7
747,30,0,0.669,164.2,204.7,194.4,283.9,179.3,244.3
747,36,0,0.707,650.6,115.7,671.2,171.8,660.9,143.8
747,33,0,0.703,378.3,210.6,413.3,298.2,395.8,254.4
747,27,0,0.686,621.0,218.2,653.5,319.3,637.2,268.8
747,25,0,0.791,524.3,179.9,556.5,250.1,540.4,215.0
747,32,0,0.82,242.6,209.6,278.6,293.1,260.6,251.3
748,30,0,0.654,173.1,205.2,200.5,280.7,186.8,242.9
748,36,0,0.741,655.5,114.7,677.0,172.0,666.3,143.3
748,33,0,0.755,381.7,190.2,418.0,298.9,399.9,244.6
748,27,0,0.597,631.9,217.7,662.8,318.2,647.3,267.9
748,25,0,0.787,518.3,178.5,545.9,248.5,532.1,213.5
748,32,0,0.82,240.3,211.1,276.1,297.9,258.2,254.5
749,30,0,0.669,168.6,204.7,213.4,280.3,191.0,242.5
749,36,0,0.704,658.2,114.9,683.4,173.2,670.8,144.0
749,33,0,0.46,386.2,196.3,420.7,299.9,403.5,248.1
749,27,0,0.779,636.3,216.9,674.0,318.7,655.2,267.8
749,25,0,0.786,513.1,176.7,538.7,247.5,525.9,212.1
749,32,0,0.824,238.7,213.1,274.3,299.6,256.5,256.4
750,30,0,0.647,173.5,204.7,219.9,279.5,196.7,242.1
750,36,0,0.709,661.3,115.5,688.5,174.4,674.9,145.0
750,33,0,0.71,393.5,203.3,424.4,300.3,408.9,251.8
750,27,0,0.829,637.3,217.7,678.7,317.8,658.0,267.7
750,25,0,0.82,509.6,176.6,534.3,247.4,522.0,212.0
750,32,0,0.809,235.6,214.9,273.5,302.5,254.5,258.7
750,40,0,0.72,368.3,180.2,401.4,258.8,384.8,219.5
751,30,0,0.754,182.9,204.6,222.2,278.0,202.6,241.3
751,36,0,0.775,663.0,116.7,690.6,174.3,676.8,145.5
751,33,0,0.625,397.1,204.5,433.7,302.6,415.4,253.6
751,27,0,0.789,638.0,217.3,680.2,318.1,659.1,267.7
751,25,0,0.787,505.0,177.1,530.6,247.8,517.8,212.4
751,32,0,0.82,232.5,215.9,272.7,304.1,252.6,260.0
751,40,0,0.746,363.1,180.1,397.6,258.6,380.3,219.4
752,30,0,0.78,194.8,202.2,225.8,276.2,210.3,239.2
752,36,0,0.813,669.3,116.6,693.3,173.9,681.3,145.3
752,33,0,0.628,404.9,200.4,443.3,302.6,424.1,251.5
752,27,0,0.832,645.4,215.3,685.1,315.6,665.2,265.4
752,25,0,0.88,498.4,175.2,524.6,245.8,511.5,210.5
752,32,0,0.886,229.0,217.0,269.1,305.3,249.0,261.2
752,40,0,0.785,356.9,179.1,388.6,257.5,372.7,218.3
753,30,0,0.8,201.1,200.2,231.3,276.7,216.2,238.4
753,36,0,0.781,672.9,116.7,695.4,174.7,684.2,145.7
753,33,0,0.257,410.4,201.1,446.8,301.8,428.6,251.5
753,27,0,0.874,650.4,214.5,687.5,313.8,669.0,264.2
753,25,0,0.835,493.6,175.4,521.1,245.0,507.3,210.2
753,32,0,0.849,228.0,219.0,266.0,307.8,247.0,263.4
753,40,0,0.774,351.5,177.4,382.0,256.9,366.8,217.2
754,30,0,0.75,207.9,200.6,237.1,275.3,222.5,237.9
754,36,0,0.785,676.2,117.7,698.2,176.7,687.2,147.2
754,33,0,0.254,413.9,201.5,460.2,306.5,437.0,254.0
754,27,0,0.831,653.7,213.8,690.7,313.9,672.2,263.8
754,25,0,0.801,486.6,174.9,516.3,244.8,501.5,209.9
754,32,0,0.806,230.0,222.5,266.4,313.3,248.2,267.9
754,40,0,0.857,339.3,176.8,376.5,256.3,357.9,216.5
755,30,0,0.656,212.6,199.6,240.7,275.1,226.7,237.3
755,36,0,0.804,677.4,118.7,700.0,178.2,688.7,148.4
755,33,0,0.43,418.8,212.1,467.2,309.7,443.0,260.9
755,27,0,0.838,655.4,212.4,691.1,313.4,673.2,262.9
755,25,0,0.782,482.2,176.1,513.3,245.4,497.7,210.8
755,32,0,0.815,230.2,223.6,268.3,315.9,249.2,269.7
755,40,0,0.805,333.5,176.9,373.4,256.2,353.4,216.5
756,30,0,0.695,215.4,197.5,242.2,269.7,228.8,233.6
756,36,0,0.802,678.5,119.0,701.8,178.9,690.2,149.0
756,33,0,0.739,427.6,220.4,471.5,308.8,449.5,264.6
756,27,0,0.821,655.9,210.8,690.8,312.2,673.4,261.5
756,25,0,0.757,478.4,177.4,507.5,245.5,493.0,211.5
756,32,0,0.857,230.1,225.7,270.3,317.3,250.2,271.5
756,40,0,0.756,330.4,176.8,369.3,255.9,349.8,216.4
757,30,0,0.559,218.8,194.6,243.9,271.6,231.4,233.1
757,36,0,0.734,680.0,119.3,702.8,179.2,691.4,149.2
757,33,0,0.711,434.5,222.1,472.2,308.7,453.3,265.4
757,27,0,0.804,656.0,210.4,690.7,308.8,673.3,259.6
757,25,0,0.748,475.1,177.5,501.5,245.9,488.3,211.7
757,32,0,0.819,231.2,226.6,272.3,318.2,251.7,272.4
757,40,0,0.774,326.9,177.1,361.8,255.0,344.3,216.1
758,30,0,0.578,222.6,193.8,247.8,272.9,235.2,233.4
758,36,0,0.788,680.9,119.8,704.5,180.7,692.7,150.3
758,33,0,0.799,445.6,222.3,476.1,308.8,460.8,265.6
758,27,0,0.837,654.6,207.0,688.7,304.6,671.6,255.8
758,25,0,0.775,468.5,178.3,495.4,245.9,482.0,212.1
758,32,0,0.779,234.0,230.1,277.6,322.8,255.8,276.4
758,40,0,0.776,320.0,176.2,351.0,254.8,335.5,215.5
759,30,0,0.651,225.8,194.5,252.0,273.8,238.9,234.1
759,36,0,0.795,681.8,120.5,706.0,183.0,693.9,151.8
759,33,0,0.715,452.2,219.4,488.2,312.1,470.2,265.8
759,27,0,0.801,653.4,204.9,685.9,303.8,669.6,254.3
759,25,0,0.331,462.8,179.2,491.2,246.3,477.0,212.7
759,32,0,0.811,236.0,233.4,280.1,326.6,258.0,280.0
759,40,0,0.804,313.8,176.5,345.8,254.8,329.8,215.6
760,30,0,0.672,229.5,193.3,257.6,274.3,243.6,233.8
760,36,0,0.787,682.9,121.6,707.1,183.9,695.0,152.8
760,33,0,0.695,455.3,217.9,493.0,313.9,474.1,265.9
760,27,0,0.804,652.0,204.4,683.5,302.7,667.8,253.5
760,25,0,0.607,454.3,179.5,488.8,291.9,471.6,235.7
760,32,0,0.788,237.1,235.5,280.8,328.8,258.9,282.1
760,40,0,0.688,309.6,176.0,342.4,254.3,326.0,215.1
761,30,0,0.452,234.0,192.9,264.1,267.7,249.1,230.3
761,36,0,0.769,684.5,122.3,707.6,184.9,696.0,153.6
761,33,0,0.481,456.9,220.3,494.8,314.5,475.8,267.4
761,27,0,0.78,651.0,203.7,681.4,301.5,666.2,252.6
761,25,0,0.607,451.6,178.0,488.4,306.6,470.0,242.3
761,32,0,0.677,239.3,238.0,277.1,329.3,258.2,283.7
761,40,0,0.738,307.1,175.2,337.4,253.4,322.3,214.3
762,30,0,0.31,238.7,192.7,269.9,267.1,254.3,229.9
762,36,0,0.732,685.7,122.6,708.7,185.7,697.2,154.2
762,33,0,0.655,460.7,221.7,496.0,315.0,478.4,268.3
762,27,0,0.716,651.0,201.7,678.3,300.4,664.7,251.1
762,32,0,0.669,243.3,237.4,277.6,329.3,260.5,283.4
762,40,0,0.7,303.2,174.2,329.9,251.7,316.5,212.9
763,36,0,0.719,686.7,122.7,709.6,185.6,698.2,154.2
763,33,0,0.767,469.1,223.2,501.0,315.5,485.0,269.4
763,27,0,0.751,649.1,200.7,675.5,297.4,662.3,249.1
763,32,0,0.668,243.6,209.9,282.8,329.6,263.2,269.7
763,40,0,0.678,295.4,174.2,325.0,251.4,310.2,212.8
763,25,0,0.707,441.6,180.7,473.4,271.1,457.5,225.9
764,36,0,0.694,687.1,122.9,709.8,186.2,698.4,154.5
764,33,0,0.747,474.9,223.4,506.8,318.6,490.9,271.0
764,27,0,0.757,647.4,200.6,671.8,295.8,659.6,248.2
764,32,0,0.774,248.2,225.4,291.4,331.2,269.8,278.3
764,40,0,0.804,292.2,173.4,323.7,252.1,307.9,212.8
764,25,0,0.705,437.6,181.2,469.2,258.8,453.4,220.0
765,36,0,0.707,686.9,123.6,710.2,187.5,698.5,155.5
765,33,0,0.773,478.5,225.5,512.9,322.4,495.7,274.0
765,27,0,0.719,638.1,200.0,668.5,295.0,653.3,247.5
765,32,0,0.785,253.4,235.1,296.7,333.7,275.1,284.4
765,40,0,0.736,286.6,175.3,316.6,252.2,301.6,213.7
765,30,0,0.694,252.0,187.3,277.9,263.0,264.9,225.2
766,36,0,0.739,686.2,124.3,709.6,188.4,697.9,156.4
766,33,0,0.805,486.0,227.6,516.8,323.2,501.4,275.4
766,27,0,0.778,631.2,199.9,667.0,294.5,649.1,247.2
766,32,0,0.741,258.8,236.9,299.8,334.6,279.3,285.7
766,40,0,0.713,282.0,175.5,308.9,252.3,295.4,213.9
766,30,0,0.515,257.0,184.0,281.2,256.5,269.1,220.3
767,36,0,0.764,685.3,125.3,708.8,188.9,697.0,157.1
767,33,0,0.825,491.4,229.4,520.2,324.7,505.8,277.0
767,27,0,0.738,628.9,199.5,665.8,294.5,647.4,247.0
767,32,0,0.748,268.4,239.4,304.5,334.6,286.5,287.0
767,40,0,0.638,279.3,174.3,304.1,251.9,291.7,213.1
767,30,0,0.406,261.2,181.4,284.1,253.1,272.6,217.3
768,36,0,0.765,683.6,125.8,707.9,189.2,695.8,157.5
768,33,0,0.761,497.6,230.3,533.8,326.2,515.7,278.3
768,27,0,0.738,627.7,199.6,662.3,293.2,645.0,246.4
768,32,0,0.804,277.5,243.2,317.7,337.3,297.6,290.2
768,40,0,0.592,268.9,175.5,297.2,255.0,283.1,215.3
769,36,0,0.773,682.8,126.3,707.4,190.2,695.1,158.2
769,33,0,0.764,500.7,231.3,540.2,326.6,520.5,278.9
769,27,0,0.726,623.7,199.2,657.3,291.2,640.5,245.2
769,32,0,0.803,282.3,244.2,325.2,339.6,303.7,291.9
769,40,0,0.728,263.7,174.5,296.6,255.9,280.1,215.2
770,36,0,0.774,681.8,127.0,706.6,192.0,694.2,159.5
770,33,0,0.755,507.2,232.0,543.2,327.3,525.2,279.7
770,27,0,0.72,619.9,198.2,650.5,290.9,635.2,244.5
770,32,0,0.832,286.6,244.3,329.9,342.2,308.3,293.2
770,40,0,0.745,260.9,173.9,296.0,255.9,278.4,214.9
771,36,0,0.772,681.5,128.4,705.5,194.1,693.5,161.2
771,33,0,0.817,516.5,233.6,554.7,330.7,535.6,282.1
771,27,0,0.667,616.3,198.1,643.8,290.3,630.0,244.2
771,32,0,0.735,299.1,246.8,335.0,342.2,317.1,294.5
771,40,0,0.535,259.1,173.8,291.2,250.2,275.1,212.0
771,42,0,0.845,382.0,195.1,420.1,266.7,401.1,230.9
771,30,0,0.547,283.0,185.0,305.7,252.7,294.3,218.9
772,36,0,0.736,680.7,129.1,704.3,194.2,692.5,161.7
772,33,0,0.826,522.7,235.6,563.8,334.4,543.2,285.0
772,27,0,0.698,611.2,197.3,640.8,290.6,626.0,244.0
772,32,0,0.769,307.2,247.4,341.9,342.9,324.6,295.1
772,40,0,0.68,257.6,172.8,285.7,247.1,271.6,209.9
772,42,0,0.71,376.0,196.9,412.9,269.1,394.5,233.0
772,30,0,0.588,285.1,182.2,309.5,252.9,297.3,217.5
773,36,0,0.77,679.4,130.2,703.8,194.5,691.6,162.3
773,33,0,0.834,526.9,237.5,568.7,337.7,547.8,287.6
773,27,0,0.739,610.2,197.4,638.3,291.0,624.3,244.2
773,32,0,0.816,312.4,247.8,352.6,344.2,332.5,296.0
773,40,0,0.716,256.0,172.2,283.2,247.7,269.6,210.0
773,42,0,0.69,369.9,196.7,403.3,269.7,386.6,233.2
773,30,0,0.638,289.1,180.3,313.3,252.6,301.2,216.4
774,36,0,0.834,678.0,131.7,703.0,195.5,690.5,163.6
774,33,0,0.807,532.1,238.7,569.2,338.0,550.6,288.4
774,27,0,0.698,609.3,197.4,637.5,290.9,623.4,244.2
774,32,0,0.798,316.5,249.6,361.1,346.0,338.8,297.8
774,40,0,0.711,253.7,171.9,281.4,248.1,267.5,210.0
774,42,0,0.74,364.4,196.0,390.7,271.0,377.5,233.5
774,30,0,0.759,292.1,179.3,316.9,252.0,304.5,215.7
775,36,0,0.774,675.1,133.0,700.1,196.9,687.6,165.0
775,33,0,0.793,542.0,240.0,573.4,338.5,557.7,289.2
775,27,0,0.776,606.9,198.1,636.5,290.2,621.7,244.2
775,32,0,0.734,322.7,251.0,364.2,349.2,343.5,300.1
775,40,0,0.729,250.6,171.4,276.2,245.6,263.4,208.5
775,42,0,0.692,352.3,196.8,383.6,272.3,368.0,234.5
775,30,0,0.708,295.0,177.5,322.8,251.6,308.9,214.5
776,36,0,0.763,673.2,133.6,697.9,197.5,685.5,165.5
776,33,0,0.778,545.1,241.4,579.9,339.8,562.5,290.6
776,27,0,0.791,606.1,199.4,636.1,290.5,621.1,244.9
776,32,0,0.803,329.9,251.5,369.7,351.4,349.8,301.5
776,40,0,0.738,248.0,172.4,275.4,243.9,261.7,208.2
776,42,0,0.487,345.0,198.2,377.5,271.1,361.3,234.6
776,30,0,0.669,298.2,176.3,327.7,251.2,313.0,213.8
777,36,0,0.806,670.8,134.1,696.4,197.5,683.6,165.8
777,33,0,0.822,548.7,243.3,585.2,340.9,566.9,292.1
777,27,0,0.786,605.7,200.0,636.1,291.6,620.9,245.8
777,32,0,0.807,334.0,253.6,377.8,353.4,355.9,303.5
777,40,0,0.774,244.8,171.5,274.6,243.3,259.7,207.4
777,42,0,0.587,337.0,197.0,365.2,265.1,351.1,231.1
777,30,0,0.569,303.3,174.2,330.9,247.5,317.1,210.8
778,36,0,0.75,667.0,134.2,694.1,199.0,680.5,166.6
778,33,0,0.782,558.1,244.2,590.2,342.1,574.1,293.2
778,27,0,0.841,606.3,201.2,638.7,293.1,622.5,247.1
778,32,0,0.876,337.8,255.5,386.3,357.3,362.1,306.4
778,40,0,0.775,241.2,170.4,270.4,242.4,255.8,206.4
778,42,0,0.734,319.4,201.0,356.3,271.2,337.9,236.1
778,30,0,0.494,309.0,173.3,334.7,244.9,321.9,209.1
779,36,0,0.781,665.0,134.9,691.2,199.1,678.1,167.0
779,33,0,0.863,563.8,244.2,595.7,344.6,579.7,294.4
779,27,0,0.851,607.7,202.6,641.5,294.1,624.6,248.3
779,32,0,0.793,342.8,256.9,392.8,363.9,367.8,310.4
779,40,0,0.708,238.4,169.3,264.1,242.6,251.2,205.9
779,42,0,0.75,310.7,185.4,352.5,274.2,331.6,229.8
780,36,0,0.787,663.6,136.1,689.6,200.4,676.6,168.2
780,33,0,0.828,567.8,246.3,604.0,346.2,585.9,296.2
780,27,0,0.829,609.6,203.4,643.5,295.4,626.6,249.4
780,32,0,0.746,349.1,259.9,398.8,366.6,373.9,313.3
780,40,0,0.686,236.6,168.6,260.9,243.3,248.8,205.9
780,42,0,0.693,306.1,175.9,347.9,275.5,327.0,225.7
781,36,0,0.813,662.8,136.3,687.5,200.3,675.1,168.3
781,33,0,0.85,569.6,247.9,608.9,347.8,589.2,297.9
781,27,0,0.814,611.2,204.3,645.4,298.3,628.3,251.3
781,32,0,0.78,355.3,260.4,395.5,367.8,375.4,314.1
781,40,0,0.797,234.4,167.4,259.0,242.5,246.7,205.0
781,42,0,0.727,302.6,191.3,336.1,276.5,319.4,233.9
781,30,0,0.622,323.7,174.3,352.0,242.1,337.9,208.2
782,36,0,0.774,661.1,136.4,685.4,200.6,673.2,168.5
782,33,0,0.878,573.5,249.9,615.0,351.1,594.2,300.5
782,27,0,0.811,612.5,207.9,646.4,302.7,629.5,255.3
782,32,0,0.792,363.2,263.4,408.8,368.2,386.0,315.8
782,40,0,0.827,229.4,165.5,256.3,241.7,242.9,203.6
782,42,0,0.764,289.8,194.3,324.1,275.5,307.0,234.9
782,30,0,0.772,331.4,174.8,355.5,242.2,343.5,208.5
783,36,0,0.714,659.8,137.0,684.3,202.7,672.1,169.9
783,33,0,0.86,575.6,250.9,619.0,354.0,597.3,302.4
783,27,0,0.843,614.2,211.0,647.4,306.8,630.8,258.9
783,32,0,0.832,366.7,265.7,414.6,369.4,390.7,317.5
783,40,0,0.819,225.9,164.9,253.5,240.6,239.7,202.7
783,42,0,0.827,280.5,195.2,318.9,275.5,299.7,235.4
783,30,0,0.774,336.4,173.3,361.7,242.6,349.1,208.0
784,36,0,0.718,658.0,138.4,683.4,204.4,670.7,171.4
784,33,0,0.877,577.4,252.1,621.3,355.3,599.4,303.7
784,27,0,0.823,616.1,213.1,648.2,308.8,632.1,261.0
784,32,0,0.804,371.3,265.6,416.5,369.0,393.9,317.3
784,40,0,0.803,223.9,163.4,251.7,239.7,237.8,201.5
784,42,0,0.698,277.0,195.2,314.9,275.4,296.0,235.3
784,30,0,0.677,339.6,173.1,370.0,241.8,354.8,207.5
785,36,0,0.784,654.9,139.7,680.9,205.7,667.9,172.7
785,33,0,0.909,582.3,255.2,627.4,358.8,604.9,307.0
785,27,0,0.791,617.8,213.6,651.1,311.2,634.4,262.4
785,32,0,0.744,384.6,265.9,424.3,368.6,404.5,317.3
785,40,0,0.778,222.9,162.6,249.7,239.2,236.3,200.9
785,42,0,0.756,269.3,196.6,299.6,274.0,284.5,235.3
785,30,0,0.771,343.4,173.0,376.2,241.0,359.8,207.0
786,36,0,0.767,652.9,140.2,678.1,206.3,665.5,173.2
786,33,0,0.871,586.8,256.3,632.4,362.6,609.6,309.4
786,27,0,0.811,619.8,214.1,653.8,315.3,636.8,264.7
786,32,0,0.776,392.4,266.6,434.7,371.0,413.5,318.8
786,40,0,0.775,222.6,162.3,249.1,238.9,235.9,200.6
786,42,0,0.787,264.7,197.3,292.3,272.4,278.5,234.8
786,30,0,0.743,349.7,170.8,379.0,239.6,364.3,205.2
787,36,0,0.793,650.6,140.8,677.1,206.8,663.9,173.8
787,33,0,0.856,591.6,257.0,635.1,363.3,613.4,310.1
787,27,0,0.786,621.0,216.0,656.6,318.0,638.8,267.0
787,32,0,0.741,398.0,268.0,441.6,370.6,419.8,319.3
787,40,0,0.728,222.4,162.1,249.2,238.7,235.8,200.4
787,42,0,0.756,258.6,197.3,289.3,271.7,273.9,234.5
787,30,0,0.656,356.9,168.3,381.2,238.1,369.1,203.2
788,36,0,0.772,649.4,142.5,674.8,208.7,662.1,175.6
788,33,0,0.857,597.0,259.6,639.5,366.7,618.3,313.2
788,27,0,0.801,625.6,221.4,660.9,321.4,643.3,271.4
788,32,0,0.683,403.5,270.2,447.4,369.3,425.5,319.7
788,40,0,0.771,222.4,160.5,249.3,234.3,235.8,197.4
788,42,0,0.801,252.6,196.9,279.8,269.9,266.2,233.4
788,30,0,0.676,361.3,168.3,393.5,237.3,377.4,202.8
789,36,0,0.798,650.0,143.7,673.7,209.9,661.8,176.8
789,33,0,0.89,599.1,263.1,642.5,370.5,620.8,316.8
789,27,0,0.822,629.2,224.1,664.6,323.6,646.9,273.8
789,40,0,0.748,222.1,158.7,248.8,231.8,235.5,195.2
789,42,0,0.788,248.5,194.8,275.3,269.5,261.9,232.1
789,30,0,0.756,364.1,168.7,399.7,236.1,381.9,202.4
790,36,0,0.814,651.3,144.7,674.3,210.4,662.8,177.6
790,33,0,0.859,600.7,265.2,645.3,371.6,623.0,318.4
790,27,0,0.67,632.9,225.0,668.0,322.5,650.4,273.8
790,40,0,0.729,221.1,158.6,248.2,230.9,234.7,194.8
790,42,0,0.759,244.7,193.7,272.3,267.6,258.5,230.7
790,30,0,0.77,367.5,167.2,402.1,235.8,384.8,201.5
791,36,0,0.806,652.5,145.2,675.6,210.4,664.1,177.8
791,33,0,0.873,604.2,265.7,649.3,372.0,626.7,318.8
791,27,0,0.701,635.7,226.6,671.3,329.7,653.5,278.1
791,40,0,0.786,219.6,158.8,246.9,228.9,233.3,193.9
791,42,0,0.791,240.1,192.8,270.6,266.2,255.3,229.5
791,30,0,0.586,376.7,166.6,405.0,234.3,390.8,200.5
791,32,0,0.704,425.4,271.3,459.3,375.3,442.3,323.3
792,36,0,0.804,653.2,145.5,676.0,210.7,664.6,178.1
792,33,0,0.865,608.1,265.4,651.6,372.3,629.9,318.9
792,27,0,0.764,638.2,228.6,673.1,334.2,655.7,281.4
792,40,0,0.756,218.3,158.7,245.4,228.0,231.8,193.4
792,42,0,0.79,237.4,193.0,268.4,265.6,252.9,229.3
792,30,0,0.697,382.9,167.2,409.5,234.1,396.2,200.7
792,32,0,0.71,432.4,271.9,466.2,376.1,449.3,324.0
793,36,0,0.774,654.0,145.9,675.9,211.8,665.0,178.9
793,33,0,0.86,613.6,265.6,654.4,373.9,634.0,319.7
793,27,0,0.797,641.2,230.4,675.2,337.8,658.2,284.1
793,40,0,0.762,215.6,157.7,243.3,227.5,229.5,192.6
793,42,0,0.795,235.5,192.5,266.0,265.6,250.8,229.0
793,30,0,0.656,385.4,169.5,414.7,233.7,400.1,201.6
793,32,0,0.768,435.4,273.5,478.9,377.4,457.1,325.5
794,36,0,0.761,653.8,146.0,675.5,214.6,664.7,180.3
794,33,0,0.829,617.3,266.8,656.7,375.6,637.0,321.2
794,27,0,0.818,642.9,231.8,678.7,339.3,660.8,285.6
794,40,0,0.742,212.9,157.0,241.5,227.2,227.2,192.1
794,42,0,0.716,232.5,191.6,264.2,264.4,248.3,228.0
794,30,0,0.654,388.3,167.1,421.6,233.7,405.0,200.4
794,32,0,0.751,437.8,274.3,486.6,380.4,462.2,327.3
